{"2":{"id":"2","product_id":"6","label":"T-Shirt Front","color_id":"0","inlay_w":"1300","inlay_h":"703","inlay_t":"0","inlay_l":"0","filename":"filename1469209791.jpg","position":"0","status":"1","price":"0.00","overlay":"","color_code":"","color_name":"","background_type":"image","canvassize":"1510x1947","canvaswidth":"1510","canvasheight":"1947","use_mask":"2","thumbnail":"resize\/resize_filename1469209791.jpg","background_path":"http:\/\/localhost\/bulbandkey\/Dev\/media\/pdp\/images\/filename1469209791.jpg","final_price":0}}