{"2":{"id":"2","product_id":"6","label":"T-Shirt Front","color_id":"0","inlay_w":"522","inlay_h":"500","inlay_t":"0","inlay_l":"0","filename":"filename1473481857.png","position":"0","status":"1","price":"0.00","overlay":"overlay1473481857.png","color_code":"ffffff","color_name":"White","background_type":"image","canvassize":"custom_size","canvaswidth":"450","canvasheight":"450","use_mask":"1","thumbnail":"resize\/resize_filename1473481857.png","background_path":"http:\/\/localhost\/bulbandkey\/Dev\/media\/pdp\/images\/filename1473481857.png","sideSvg":"<?xml version=\"1.0\" encoding=\"UTF-8\" standalone=\"no\" ?><!DOCTYPE svg PUBLIC \"-\/\/W3C\/\/DTD SVG 1.1\/\/EN\" \"http:\/\/www.w3.org\/Graphics\/SVG\/1.1\/DTD\/svg11.dtd\">\n<svg xmlns=\"http:\/\/www.w3.org\/2000\/svg\" xmlns:xlink=\"http:\/\/www.w3.org\/1999\/xlink\" version=\"1.1\" width=\"100%\" height=\"100%\" viewBox=\"0 0 450 450\" xml:space=\"preserve\"><desc>Created with Fabric.js 1.5.0<\/desc><defs><\/defs><rect x=\"-225\" y=\"-225\" rx=\"0\" ry=\"0\" width=\"450\" height=\"450\" style=\"stroke: none; stroke-width: 1; stroke-dasharray: ; stroke-linecap: butt; stroke-linejoin: miter; stroke-miterlimit: 10; fill: rgb(208, 26, 116); fill-rule: nonzero; opacity: 1;\" transform=\"translate(225 225)\"\/>\n<g transform=\"translate(225 225)\">\n<image xlink:href=\"http:\/\/localhost\/bulbandkey\/Dev\/media\/pdp\/images\/filename1473481857.png\" x=\"-225\" y=\"-225\" style=\"stroke: none; stroke-width: 1; stroke-dasharray: ; stroke-linecap: butt; stroke-linejoin: miter; stroke-miterlimit: 10; fill: rgb(0,0,0); fill-rule: nonzero; opacity: 1;\" width=\"450\" height=\"450\" preserveAspectRatio=\"xMinYMin slice\"><\/image>\n<\/g>\n<g style=\"stroke: none; stroke-width: 1; stroke-dasharray: ; stroke-linecap: butt; stroke-linejoin: miter; stroke-miterlimit: 10; fill: #000; fill-rule: nonzero; opacity: 1;\" transform=\"translate(142.91 142.91) scale(3.52 3.52)\" >\n<path d=\"M 29.283 33.329 l -3.179 8.279 c -0.17 0.443 -0.594 0.736 -1.067 0.74 c -0.004 0 -0.007 0 -0.011 0 c -0.47 0 -0.893 -0.285 -1.07 -0.724 l -8.647 -21.446 l -3.097 6.371 c -0.192 0.397 -0.596 0.648 -1.038 0.648 h -7.44 c 0.085 0.145 0.151 0.286 0.239 0.432 l 2.008 2.896 c 0.499 0.646 1.04 1.283 1.631 1.924 c 6.718 7.247 11.344 12.613 14.209 16.059 c 2.063 2.489 5.312 2.52 7.382 0.037 c 2.738 -3.304 7.101 -8.41 13.338 -15.218 L 29.283 33.329 L 29.283 33.329 z\" style=\"stroke: none; stroke-width: 1; stroke-dasharray: ; stroke-linecap: butt; stroke-linejoin: miter; stroke-miterlimit: 10; fill: #000; fill-rule: nonzero; opacity: 1;\" transform=\"\" stroke-linecap=\"round\" \/>\n<path d=\"M 37.813 0.831 c -3.474 0.007 -6.645 1.345 -9.023 3.523 c -2.379 2.196 -4.277 2.196 -6.669 0.012 C 19.735 2.194 16.57 0.867 13.09 0.88 C 7.723 0.885 3.104 4.05 0.981 8.608 c -1.363 2.934 -1.157 8.324 -0.287 11.441 c 0.416 1.491 1.033 3.189 1.884 4.968 c 0.153 -0.075 0.32 -0.126 0.503 -0.126 h 7.374 l 3.918 -8.059 c 0.2 -0.41 0.673 -0.676 1.077 -0.647 c 0.457 0.016 0.86 0.298 1.032 0.721 l 8.522 21.138 l 2.411 -6.281 c 0.172 -0.445 0.6 -0.739 1.078 -0.739 h 14.908 c 0.311 0 0.592 0.126 0.799 0.325 c 0.353 -0.481 0.773 -1.066 1.191 -1.652 c 1.082 -1.502 3.322 -4.984 4.368 -8.044 c 1.463 -4.296 1.463 -7.462 1.463 -7.462 C 51.207 6.795 45.2 0.813 37.813 0.831 z\" style=\"stroke: none; stroke-width: 1; stroke-dasharray: ; stroke-linecap: butt; stroke-linejoin: miter; stroke-miterlimit: 10; fill: #000; fill-rule: nonzero; opacity: 1;\" transform=\"\" stroke-linecap=\"round\" \/>\n<\/g>\n<g transform=\"translate(225 225)\">\n<image xlink:href=\"http:\/\/localhost\/bulbandkey\/Dev\/media\/pdp\/images\/overlay1473481857.png\" x=\"-225\" y=\"-225\" style=\"stroke: none; stroke-width: 1; stroke-dasharray: ; stroke-linecap: butt; stroke-linejoin: miter; stroke-miterlimit: 10; fill: rgb(0,0,0); fill-rule: nonzero; opacity: 1;\" width=\"450\" height=\"450\" preserveAspectRatio=\"none\"><\/image>\n<\/g>\n<\/svg>","json":{"objects":[{"type":"rect","originX":"left","originY":"top","left":0,"top":0,"width":450,"height":450,"fill":"rgb(208, 26, 116)","stroke":null,"strokeWidth":1,"strokeDashArray":null,"strokeLineCap":"butt","strokeLineJoin":"miter","strokeMiterLimit":10,"scaleX":1,"scaleY":1,"angle":0,"flipX":false,"flipY":false,"opacity":1,"shadow":null,"visible":true,"clipTo":null,"backgroundColor":"","fillRule":"nonzero","globalCompositeOperation":"source-over","object_type":"background_color","selectable":false,"evented":false,"rx":0,"ry":0},{"type":"image","originX":"left","originY":"top","left":0,"top":0,"width":450,"height":450,"fill":"rgb(0,0,0)","stroke":null,"strokeWidth":1,"strokeDashArray":null,"strokeLineCap":"butt","strokeLineJoin":"miter","strokeMiterLimit":10,"scaleX":1,"scaleY":1,"angle":0,"flipX":false,"flipY":false,"opacity":1,"shadow":null,"visible":true,"clipTo":null,"backgroundColor":"","fillRule":"nonzero","globalCompositeOperation":"source-over","isrc":"http:\/\/localhost\/bulbandkey\/Dev\/media\/pdp\/images\/filename1473481857.png","price":0,"object_type":"background","selectable":false,"evented":false,"src":"http:\/\/localhost\/bulbandkey\/Dev\/media\/pdp\/images\/filename1473481857.png","filters":[],"crossOrigin":"","alignX":"min","alignY":"min","meetOrSlice":"slice"},{"type":"path-group","originX":"left","originY":"top","left":142.91,"top":142.91,"width":51.22,"height":51.22,"fill":"#000","stroke":null,"strokeWidth":1,"strokeDashArray":null,"strokeLineCap":"butt","strokeLineJoin":"miter","strokeMiterLimit":10,"scaleX":3.52,"scaleY":3.52,"angle":0,"flipX":false,"flipY":false,"opacity":1,"shadow":null,"visible":true,"clipTo":null,"backgroundColor":"","fillRule":"nonzero","globalCompositeOperation":"source-over","name":"item_1","isrc":"http:\/\/localhost\/bulbandkey\/Dev\/media\/pdp\/images\/artworks\/Love_svg\/heart8.svg","price":"0.00","object_type":"shape","selectable":true,"evented":true,"paths":[{"type":"path","originX":"left","originY":"top","left":3.73,"top":20.18,"width":38.81,"height":30.21,"fill":"#000","stroke":null,"strokeWidth":1,"strokeDashArray":null,"strokeLineCap":"butt","strokeLineJoin":"miter","strokeMiterLimit":10,"scaleX":1,"scaleY":1,"angle":0,"flipX":false,"flipY":false,"opacity":1,"shadow":null,"visible":true,"clipTo":null,"backgroundColor":"","fillRule":"nonzero","globalCompositeOperation":"source-over","selectable":true,"evented":true,"path":[["M",29.283,33.329],["l",-3.179,8.279],["c",-0.17,0.443,-0.594,0.736,-1.067,0.74],["c",-0.004,0,-0.007,0,-0.011,0],["c",-0.47,0,-0.893,-0.285,-1.07,-0.724],["l",-8.647,-21.446],["l",-3.097,6.371],["c",-0.192,0.397,-0.596,0.648,-1.038,0.648],["h",-7.44],["c",0.085,0.145,0.151,0.286,0.239,0.432],["l",2.008,2.896],["c",0.499,0.646,1.04,1.283,1.631,1.924],["c",6.718,7.247,11.344,12.613,14.209,16.059],["c",2.063,2.489,5.312,2.52,7.382,0.037],["c",2.738,-3.304,7.101,-8.41,13.338,-15.218],["L",29.283,33.329],["L",29.283,33.329],["z"]],"pathOffset":{"x":23.1375,"y":35.284543593}},{"type":"path","originX":"left","originY":"top","left":0,"top":0.83,"width":51.22,"height":37.21,"fill":"#000","stroke":null,"strokeWidth":1,"strokeDashArray":null,"strokeLineCap":"butt","strokeLineJoin":"miter","strokeMiterLimit":10,"scaleX":1,"scaleY":1,"angle":0,"flipX":false,"flipY":false,"opacity":1,"shadow":null,"visible":true,"clipTo":null,"backgroundColor":"","fillRule":"nonzero","globalCompositeOperation":"source-over","selectable":true,"evented":true,"path":[["M",37.813,0.831],["c",-3.474,0.007,-6.645,1.345,-9.023,3.523],["c",-2.379,2.196,-4.277,2.196,-6.669,0.012],["C",19.735,2.194,16.57,0.867,13.09,0.88],["C",7.723,0.885,3.104,4.05,0.981,8.608],["c",-1.363,2.934,-1.157,8.324,-0.287,11.441],["c",0.416,1.491,1.033,3.189,1.884,4.968],["c",0.153,-0.075,0.32,-0.126,0.503,-0.126],["h",7.374],["l",3.918,-8.059],["c",0.2,-0.41,0.673,-0.676,1.077,-0.647],["c",0.457,0.016,0.86,0.298,1.032,0.721],["l",8.522,21.138],["l",2.411,-6.281],["c",0.172,-0.445,0.6,-0.739,1.078,-0.739],["h",14.908],["c",0.311,0,0.592,0.126,0.799,0.325],["c",0.353,-0.481,0.773,-1.066,1.191,-1.652],["c",1.082,-1.502,3.322,-4.984,4.368,-8.044],["c",1.463,-4.296,1.463,-7.462,1.463,-7.462],["C",51.207,6.795,45.2,0.813,37.813,0.831],["z"]],"pathOffset":{"x":25.6109244325,"y":19.4374797196}}]}],"background":"","overlayImage":{"type":"image","originX":"left","originY":"top","left":0,"top":0,"width":450,"height":450,"fill":"rgb(0,0,0)","stroke":null,"strokeWidth":1,"strokeDashArray":null,"strokeLineCap":"butt","strokeLineJoin":"miter","strokeMiterLimit":10,"scaleX":1,"scaleY":1,"angle":0,"flipX":false,"flipY":false,"opacity":1,"shadow":null,"visible":true,"clipTo":null,"backgroundColor":"","fillRule":"nonzero","globalCompositeOperation":"source-over","src":"http:\/\/localhost\/bulbandkey\/Dev\/media\/pdp\/images\/overlay1473481857.png","filters":[],"crossOrigin":"","alignX":"none","alignY":"none","meetOrSlice":"meet"},"scale":1},"final_price":"0.00"},"3":{"id":"3","product_id":"6","label":"Back","color_id":"0","inlay_w":"450","inlay_h":"450","inlay_t":"0","inlay_l":"0","filename":"filename1471614544.png","position":"0","status":"1","price":"0.00","overlay":"overlay1471614544.png","color_code":"","color_name":"","background_type":"image","canvassize":"custom_size","canvaswidth":"450","canvasheight":"450","use_mask":"1","thumbnail":"resize\/resize_filename1471614544.png","final_price":0}}