{"2":{"id":"2","product_id":"6","label":"T-Shirt Front","color_id":"0","inlay_w":"450","inlay_h":"450","inlay_t":"0","inlay_l":"0","filename":"filename1471623152.png","position":"0","status":"1","price":"0.00","overlay":"overlay1471623152.png","color_code":"ffffff","color_name":"White","background_type":"image","canvassize":"custom_size","canvaswidth":"450","canvasheight":"450","use_mask":"1","thumbnail":"resize\/resize_filename1471623152.png","background_path":"http:\/\/localhost\/bulbandkey\/Dev\/media\/pdp\/images\/artworks\/Holiday Cheer\/artwork1446914374.png","sideSvg":"<?xml version=\"1.0\" encoding=\"UTF-8\" standalone=\"no\" ?><!DOCTYPE svg PUBLIC \"-\/\/W3C\/\/DTD SVG 1.1\/\/EN\" \"http:\/\/www.w3.org\/Graphics\/SVG\/1.1\/DTD\/svg11.dtd\">\n<svg xmlns=\"http:\/\/www.w3.org\/2000\/svg\" xmlns:xlink=\"http:\/\/www.w3.org\/1999\/xlink\" version=\"1.1\" width=\"100%\" height=\"100%\" viewBox=\"0 0 450 450\" xml:space=\"preserve\"><desc>Created with Fabric.js 1.5.0<\/desc><defs><\/defs><rect x=\"-225\" y=\"-225\" rx=\"0\" ry=\"0\" width=\"450\" height=\"450\" style=\"stroke: none; stroke-width: 1; stroke-dasharray: ; stroke-linecap: butt; stroke-linejoin: miter; stroke-miterlimit: 10; fill: #ff0040; fill-rule: nonzero; opacity: 1;\" transform=\"translate(225 225)\"\/>\n<g transform=\"translate(228.15 254.68) scale(0.15 0.15)\">\n<image xlink:href=\"http:\/\/localhost\/bulbandkey\/Dev\/media\/pdp\/images\/artworks\/filename1449503335.png\" x=\"-389.5\" y=\"-563.5\" style=\"stroke: none; stroke-width: 1; stroke-dasharray: ; stroke-linecap: butt; stroke-linejoin: miter; stroke-miterlimit: 10; fill: rgb(0,0,0); fill-rule: nonzero; opacity: 1;\" width=\"779\" height=\"1127\" preserveAspectRatio=\"none\"><\/image>\n<\/g>\n<g style=\"stroke: none; stroke-width: 1; stroke-dasharray: ; stroke-linecap: butt; stroke-linejoin: miter; stroke-miterlimit: 10; fill: #fdf027; fill-rule: nonzero; opacity: 1;\" transform=\"translate(257.06 132.06) scale(0.07 0.07)\" >\n<polygon points=\"271.94,209.61 338.43,114.47 257.52,39.03 144.54,79.66 148.3,186.13 \" style=\"stroke: none; stroke-width: 1; stroke-dasharray: ; stroke-linecap: butt; stroke-linejoin: miter; stroke-miterlimit: 10; fill: #fdf027; fill-rule: nonzero; opacity: 1;\" transform=\" \"\/>\n<polygon points=\"228.87,402.41 289.71,465.78 395.98,420.41 413.34,326.51 307.84,313.52 \" style=\"stroke: none; stroke-width: 1; stroke-dasharray: ; stroke-linecap: butt; stroke-linejoin: miter; stroke-miterlimit: 10; fill: #fdf027; fill-rule: nonzero; opacity: 1;\" transform=\" \"\/>\n<path d=\"M 15.731 336.798 l 1.343 1.644 c 36.151 92.23 125.889 157.571 230.934 157.571 c 136.976 0 248.006 -111.029 248.006 -248.007 C 496.013 111.036 384.983 0 248.007 0 C 111.036 0 0 111.043 0 248.006 c 0 30.668 5.604 60.026 15.785 87.145 L 15.731 336.798 z M 12.93 248.006 c 0 -31.32 6.209 -61.204 17.38 -88.564 l 58.667 -72.789 l 15.206 -24.383 c 39.792 -30.883 89.68 -49.339 143.833 -49.339 c 1.302 0 2.583 0.08 3.893 0.094 l 26.236 9.664 l 57.827 7.379 c 37.029 15.002 69.417 39.15 94.312 69.671 l -9.63 41.932 l 37.994 107.148 l 24.272 6.148 c -3.727 126.418 -107.619 228.106 -234.905 228.106 c -63.375 0 -120.926 -25.247 -163.249 -66.159 l 45.626 -39.192 L 86.849 265.485 l -68.128 -23.465 l -1.575 50.047 C 14.42 277.797 12.93 263.077 12.93 248.006 z\" style=\"stroke: none; stroke-width: 1; stroke-dasharray: ; stroke-linecap: butt; stroke-linejoin: miter; stroke-miterlimit: 10; fill: #fdf027; fill-rule: nonzero; opacity: 1;\" transform=\"\" stroke-linecap=\"round\" \/>\n<\/g>\n<g transform=\"translate(225 225)\">\n<image xlink:href=\"http:\/\/localhost\/bulbandkey\/Dev\/media\/pdp\/images\/overlay1471623152.png\" x=\"-225\" y=\"-225\" style=\"stroke: none; stroke-width: 1; stroke-dasharray: ; stroke-linecap: butt; stroke-linejoin: miter; stroke-miterlimit: 10; fill: rgb(0,0,0); fill-rule: nonzero; opacity: 1;\" width=\"450\" height=\"450\" preserveAspectRatio=\"none\"><\/image>\n<\/g>\n<\/svg>","json":{"objects":[{"type":"rect","originX":"left","originY":"top","left":0,"top":0,"width":450,"height":450,"fill":"#ff0040","stroke":null,"strokeWidth":1,"strokeDashArray":null,"strokeLineCap":"butt","strokeLineJoin":"miter","strokeMiterLimit":10,"scaleX":1,"scaleY":1,"angle":0,"flipX":false,"flipY":false,"opacity":1,"shadow":null,"visible":true,"clipTo":null,"backgroundColor":"","fillRule":"nonzero","globalCompositeOperation":"source-over","price":0,"object_type":"background_color","selectable":false,"evented":false,"rx":0,"ry":0},{"type":"image","originX":"left","originY":"top","left":169.73,"top":170.15,"width":779,"height":1127,"fill":"rgb(0,0,0)","stroke":null,"strokeWidth":1,"strokeDashArray":null,"strokeLineCap":"butt","strokeLineJoin":"miter","strokeMiterLimit":10,"scaleX":0.15,"scaleY":0.15,"angle":0,"flipX":false,"flipY":false,"opacity":1,"shadow":null,"visible":true,"clipTo":null,"backgroundColor":"","fillRule":"nonzero","globalCompositeOperation":"source-over","name":"item_1","isrc":"http:\/\/localhost\/bulbandkey\/Dev\/media\/pdp\/images\/artworks\/filename1449503335.png","price":"1.00","object_type":"clipart","selectable":true,"evented":true,"src":"http:\/\/localhost\/bulbandkey\/Dev\/media\/pdp\/images\/artworks\/filename1449503335.png","filters":[],"crossOrigin":"","alignX":"none","alignY":"none","meetOrSlice":"meet"},{"type":"path-group","originX":"left","originY":"top","left":257.06,"top":132.06,"width":496.01,"height":496.01,"fill":"#fdf027","stroke":null,"strokeWidth":1,"strokeDashArray":null,"strokeLineCap":"butt","strokeLineJoin":"miter","strokeMiterLimit":10,"scaleX":0.07,"scaleY":0.07,"angle":0,"flipX":false,"flipY":false,"opacity":1,"shadow":null,"visible":true,"clipTo":null,"backgroundColor":"","fillRule":"nonzero","globalCompositeOperation":"source-over","name":"item_2","isrc":"http:\/\/localhost\/bulbandkey\/Dev\/media\/pdp\/images\/artworks\/Sport_svg\/football28.svg","price":"0.00","object_type":"shape","selectable":true,"evented":true,"paths":[{"type":"polygon","originX":"left","originY":"top","left":144.54,"top":39.03,"width":193.88,"height":170.59,"fill":"#fdf027","stroke":null,"strokeWidth":1,"strokeDashArray":null,"strokeLineCap":"butt","strokeLineJoin":"miter","strokeMiterLimit":10,"scaleX":1,"scaleY":1,"angle":0,"flipX":false,"flipY":false,"opacity":1,"shadow":null,"visible":true,"clipTo":null,"backgroundColor":"","fillRule":"nonzero","globalCompositeOperation":"source-over","selectable":true,"evented":true,"points":[{"x":271.942,"y":209.614},{"x":338.425,"y":114.466},{"x":257.523,"y":39.026},{"x":144.542,"y":79.657},{"x":148.303,"y":186.135}]},{"type":"polygon","originX":"left","originY":"top","left":228.87,"top":313.52,"width":184.47,"height":152.25,"fill":"#fdf027","stroke":null,"strokeWidth":1,"strokeDashArray":null,"strokeLineCap":"butt","strokeLineJoin":"miter","strokeMiterLimit":10,"scaleX":1,"scaleY":1,"angle":0,"flipX":false,"flipY":false,"opacity":1,"shadow":null,"visible":true,"clipTo":null,"backgroundColor":"","fillRule":"nonzero","globalCompositeOperation":"source-over","selectable":true,"evented":true,"points":[{"x":228.868,"y":402.407},{"x":289.71,"y":465.777},{"x":395.984,"y":420.409},{"x":413.34,"y":326.511},{"x":307.844,"y":313.522}]},{"type":"path","originX":"left","originY":"top","left":0,"top":0,"width":496.01,"height":496.01,"fill":"#fdf027","stroke":null,"strokeWidth":1,"strokeDashArray":null,"strokeLineCap":"butt","strokeLineJoin":"miter","strokeMiterLimit":10,"scaleX":1,"scaleY":1,"angle":0,"flipX":false,"flipY":false,"opacity":1,"shadow":null,"visible":true,"clipTo":null,"backgroundColor":"","fillRule":"nonzero","globalCompositeOperation":"source-over","selectable":true,"evented":true,"path":[["M",15.731,336.798],["l",1.343,1.644],["c",36.151,92.23,125.889,157.571,230.934,157.571],["c",136.976,0,248.006,-111.029,248.006,-248.007],["C",496.013,111.036,384.983,0,248.007,0],["C",111.036,0,0,111.043,0,248.006],["c",0,30.668,5.604,60.026,15.785,87.145],["L",15.731,336.798],["z"],["M",12.93,248.006],["c",0,-31.32,6.209,-61.204,17.38,-88.564],["l",58.667,-72.789],["l",15.206,-24.383],["c",39.792,-30.883,89.68,-49.339,143.833,-49.339],["c",1.302,0,2.583,0.08,3.893,0.094],["l",26.236,9.664],["l",57.827,7.379],["c",37.029,15.002,69.417,39.15,94.312,69.671],["l",-9.63,41.932],["l",37.994,107.148],["l",24.272,6.148],["c",-3.727,126.418,-107.619,228.106,-234.905,228.106],["c",-63.375,0,-120.926,-25.247,-163.249,-66.159],["l",45.626,-39.192],["L",86.849,265.485],["l",-68.128,-23.465],["l",-1.575,50.047],["C",14.42,277.797,12.93,263.077,12.93,248.006],["z"]],"pathOffset":{"x":248.007,"y":248.0065}}]}],"background":"","overlayImage":{"type":"image","originX":"left","originY":"top","left":0,"top":0,"width":450,"height":450,"fill":"rgb(0,0,0)","stroke":null,"strokeWidth":1,"strokeDashArray":null,"strokeLineCap":"butt","strokeLineJoin":"miter","strokeMiterLimit":10,"scaleX":1,"scaleY":1,"angle":0,"flipX":false,"flipY":false,"opacity":1,"shadow":null,"visible":true,"clipTo":null,"backgroundColor":"","fillRule":"nonzero","globalCompositeOperation":"source-over","src":"http:\/\/localhost\/bulbandkey\/Dev\/media\/pdp\/images\/overlay1471623152.png","filters":[],"crossOrigin":"","alignX":"none","alignY":"none","meetOrSlice":"meet"},"scale":1},"final_price":"1.00"},"3":{"id":"3","product_id":"6","label":"Back","color_id":"0","inlay_w":"450","inlay_h":"450","inlay_t":"0","inlay_l":"0","filename":"filename1471614544.png","position":"0","status":"1","price":"0.00","overlay":"overlay1471614544.png","color_code":"","color_name":"","background_type":"image","canvassize":"custom_size","canvaswidth":"450","canvasheight":"450","use_mask":"1","thumbnail":"resize\/resize_filename1471614544.png","background_path":"http:\/\/localhost\/bulbandkey\/Dev\/media\/pdp\/images\/artworks\/Classic\/artwork1441234203.png","sideSvg":"<?xml version=\"1.0\" encoding=\"UTF-8\" standalone=\"no\" ?><!DOCTYPE svg PUBLIC \"-\/\/W3C\/\/DTD SVG 1.1\/\/EN\" \"http:\/\/www.w3.org\/Graphics\/SVG\/1.1\/DTD\/svg11.dtd\">\n<svg xmlns=\"http:\/\/www.w3.org\/2000\/svg\" xmlns:xlink=\"http:\/\/www.w3.org\/1999\/xlink\" version=\"1.1\" width=\"100%\" height=\"100%\" viewBox=\"0 0 450 450\" xml:space=\"preserve\"><desc>Created with Fabric.js 1.5.0<\/desc><defs><\/defs><rect x=\"-225\" y=\"-225\" rx=\"0\" ry=\"0\" width=\"450\" height=\"450\" style=\"stroke: none; stroke-width: 1; stroke-dasharray: ; stroke-linecap: butt; stroke-linejoin: miter; stroke-miterlimit: 10; fill: rgb(155, 15, 51); fill-rule: nonzero; opacity: 1;\" transform=\"translate(225 225)\"\/>\n<g transform=\"translate(225 225)\">\n<image xlink:href=\"http:\/\/localhost\/bulbandkey\/Dev\/media\/pdp\/images\/artworks\/Classic\/artwork1441234203.png\" x=\"-225\" y=\"-225\" style=\"stroke: none; stroke-width: 1; stroke-dasharray: ; stroke-linecap: butt; stroke-linejoin: miter; stroke-miterlimit: 10; fill: rgb(0,0,0); fill-rule: nonzero; opacity: 1;\" width=\"450\" height=\"450\" preserveAspectRatio=\"xMinYMin slice\"><\/image>\n<\/g>\n<g transform=\"translate(225 225)\">\n<image xlink:href=\"http:\/\/localhost\/bulbandkey\/Dev\/media\/pdp\/images\/overlay1471614544.png\" x=\"-225\" y=\"-225\" style=\"stroke: none; stroke-width: 1; stroke-dasharray: ; stroke-linecap: butt; stroke-linejoin: miter; stroke-miterlimit: 10; fill: rgb(0,0,0); fill-rule: nonzero; opacity: 1;\" width=\"450\" height=\"450\" preserveAspectRatio=\"none\"><\/image>\n<\/g>\n<\/svg>","json":{"objects":[{"type":"rect","originX":"left","originY":"top","left":0,"top":0,"width":450,"height":450,"fill":"rgb(155, 15, 51)","stroke":null,"strokeWidth":1,"strokeDashArray":null,"strokeLineCap":"butt","strokeLineJoin":"miter","strokeMiterLimit":10,"scaleX":1,"scaleY":1,"angle":0,"flipX":false,"flipY":false,"opacity":1,"shadow":null,"visible":true,"clipTo":null,"backgroundColor":"","fillRule":"nonzero","globalCompositeOperation":"source-over","object_type":"background_color","selectable":false,"evented":false,"rx":0,"ry":0},{"type":"image","originX":"left","originY":"top","left":0,"top":0,"width":450,"height":450,"fill":"rgb(0,0,0)","stroke":null,"strokeWidth":1,"strokeDashArray":null,"strokeLineCap":"butt","strokeLineJoin":"miter","strokeMiterLimit":10,"scaleX":1,"scaleY":1,"angle":0,"flipX":false,"flipY":false,"opacity":1,"shadow":null,"visible":true,"clipTo":null,"backgroundColor":"","fillRule":"nonzero","globalCompositeOperation":"source-over","name":"item_1","isrc":"http:\/\/localhost\/bulbandkey\/Dev\/media\/pdp\/images\/artworks\/Classic\/artwork1441234203.png","price":0,"object_type":"background","selectable":false,"evented":false,"src":"http:\/\/localhost\/bulbandkey\/Dev\/media\/pdp\/images\/artworks\/Classic\/artwork1441234203.png","filters":[],"crossOrigin":"","alignX":"min","alignY":"min","meetOrSlice":"slice"}],"background":"","overlayImage":{"type":"image","originX":"left","originY":"top","left":0,"top":0,"width":450,"height":450,"fill":"rgb(0,0,0)","stroke":null,"strokeWidth":1,"strokeDashArray":null,"strokeLineCap":"butt","strokeLineJoin":"miter","strokeMiterLimit":10,"scaleX":1,"scaleY":1,"angle":0,"flipX":false,"flipY":false,"opacity":1,"shadow":null,"visible":true,"clipTo":null,"backgroundColor":"","fillRule":"nonzero","globalCompositeOperation":"source-over","src":"http:\/\/localhost\/bulbandkey\/Dev\/media\/pdp\/images\/overlay1471614544.png","filters":[],"crossOrigin":"","alignX":"none","alignY":"none","meetOrSlice":"meet"},"scale":1},"final_price":"0.00"}}