{"2":{"id":"2","product_id":"6","label":"T-Shirt Front","color_id":"0","inlay_w":"522","inlay_h":"500","inlay_t":"0","inlay_l":"0","filename":"filename1473481857.png","position":"0","status":"1","price":"0.00","overlay":"overlay1473481857.png","color_code":"ffffff","color_name":"White","background_type":"image","canvassize":"custom_size","canvaswidth":"450","canvasheight":"450","use_mask":"1","thumbnail":"resize\/resize_filename1473481857.png","background_path":"http:\/\/localhost\/bulbandkey\/Dev\/media\/pdp\/images\/filename1473481857.png","sideSvg":"<?xml version=\"1.0\" encoding=\"UTF-8\" standalone=\"no\" ?><!DOCTYPE svg PUBLIC \"-\/\/W3C\/\/DTD SVG 1.1\/\/EN\" \"http:\/\/www.w3.org\/Graphics\/SVG\/1.1\/DTD\/svg11.dtd\">\n<svg xmlns=\"http:\/\/www.w3.org\/2000\/svg\" xmlns:xlink=\"http:\/\/www.w3.org\/1999\/xlink\" version=\"1.1\" width=\"100%\" height=\"100%\" viewBox=\"0 0 450 450\" xml:space=\"preserve\"><desc>Created with Fabric.js 1.5.0<\/desc><defs><\/defs><rect x=\"-225\" y=\"-225\" rx=\"0\" ry=\"0\" width=\"450\" height=\"450\" style=\"stroke: none; stroke-width: 1; stroke-dasharray: ; stroke-linecap: butt; stroke-linejoin: miter; stroke-miterlimit: 10; fill: rgb(253, 240, 39); fill-rule: nonzero; opacity: 1;\" transform=\"translate(225 225)\"\/>\n<g transform=\"translate(225 225)\">\n<image xlink:href=\"http:\/\/localhost\/bulbandkey\/Dev\/media\/pdp\/images\/filename1473481857.png\" x=\"-225\" y=\"-225\" style=\"stroke: none; stroke-width: 1; stroke-dasharray: ; stroke-linecap: butt; stroke-linejoin: miter; stroke-miterlimit: 10; fill: rgb(0,0,0); fill-rule: nonzero; opacity: 1;\" width=\"450\" height=\"450\" preserveAspectRatio=\"xMinYMin slice\"><\/image>\n<\/g>\n<defs><style type=\"text\/css\"><![CDATA[@font-face {font-family: playball;src: url(\"http:\/\/localhost\/bulbandkey\/Dev\/media\/pdp\/fonts\/playball.ttf\");}]]><\/style><\/defs><g transform=\"translate(238.56 141.85) scale(0.53 0.32)\"><defs><style type=\"text\/css\"><![CDATA[@font-face {font-family: playball;src: url(\"http:\/\/localhost\/bulbandkey\/Dev\/media\/pdp\/fonts\/playball.ttf\");}]]><\/style><\/defs>\t<g transform=\"translate(-131.6 59.44) rotate(-73.78)\">\n\t\t<text font-family=\"playball\" font-size=\"72\" font-weight=\"Normal\" style=\"stroke: none; stroke-width: 1; stroke-dasharray: ; stroke-linecap: butt; stroke-linejoin: miter; stroke-miterlimit: 10; fill: #000; fill-rule: nonzero; opacity: 1;\" ><tspan x=\"-21.96\" y=\"16.1712\" fill=\"#000\">R<\/tspan><\/text>\n\t<\/g>\n<defs><style type=\"text\/css\"><![CDATA[@font-face {font-family: playball;src: url(\"http:\/\/localhost\/bulbandkey\/Dev\/media\/pdp\/fonts\/playball.ttf\");}]]><\/style><\/defs>\t<g transform=\"translate(-117.79 22.38) rotate(-57.06)\">\n\t\t<text font-family=\"playball\" font-size=\"72\" font-weight=\"Normal\" style=\"stroke: none; stroke-width: 1; stroke-dasharray: ; stroke-linecap: butt; stroke-linejoin: miter; stroke-miterlimit: 10; fill: #000; fill-rule: nonzero; opacity: 1;\" ><tspan x=\"-17.028\" y=\"16.1712\" fill=\"#000\">a<\/tspan><\/text>\n\t<\/g>\n<defs><style type=\"text\/css\"><![CDATA[@font-face {font-family: playball;src: url(\"http:\/\/localhost\/bulbandkey\/Dev\/media\/pdp\/fonts\/playball.ttf\");}]]><\/style><\/defs>\t<g transform=\"translate(-97.4 -5.17) rotate(-42.64)\">\n\t\t<text font-family=\"playball\" font-size=\"72\" font-weight=\"Normal\" style=\"stroke: none; stroke-width: 1; stroke-dasharray: ; stroke-linecap: butt; stroke-linejoin: miter; stroke-miterlimit: 10; fill: #000; fill-rule: nonzero; opacity: 1;\" ><tspan x=\"-14.544\" y=\"16.1712\" fill=\"#000\">v<\/tspan><\/text>\n\t<\/g>\n<defs><style type=\"text\/css\"><![CDATA[@font-face {font-family: playball;src: url(\"http:\/\/localhost\/bulbandkey\/Dev\/media\/pdp\/fonts\/playball.ttf\");}]]><\/style><\/defs>\t<g transform=\"translate(-76.66 -23.44) rotate(-31.07)\">\n\t\t<text font-family=\"playball\" font-size=\"72\" font-weight=\"Normal\" style=\"stroke: none; stroke-width: 1; stroke-dasharray: ; stroke-linecap: butt; stroke-linejoin: miter; stroke-miterlimit: 10; fill: #000; fill-rule: nonzero; opacity: 1;\" ><tspan x=\"-7.812\" y=\"16.1712\" fill=\"#000\">i<\/tspan><\/text>\n\t<\/g>\n<defs><style type=\"text\/css\"><![CDATA[@font-face {font-family: playball;src: url(\"http:\/\/localhost\/bulbandkey\/Dev\/media\/pdp\/fonts\/playball.ttf\");}]]><\/style><\/defs>\t<g transform=\"translate(-54.75 -35.27) rotate(-20.66)\">\n\t\t<text font-family=\"playball\" font-size=\"72\" font-weight=\"Normal\" style=\"stroke: none; stroke-width: 1; stroke-dasharray: ; stroke-linecap: butt; stroke-linejoin: miter; stroke-miterlimit: 10; fill: #000; fill-rule: nonzero; opacity: 1;\" ><tspan x=\"-10.8\" y=\"16.1712\" fill=\"#000\"> <\/tspan><\/text>\n\t<\/g>\n<defs><style type=\"text\/css\"><![CDATA[@font-face {font-family: playball;src: url(\"http:\/\/localhost\/bulbandkey\/Dev\/media\/pdp\/fonts\/playball.ttf\");}]]><\/style><\/defs>\t<g transform=\"translate(-17.11 -43.5) rotate(-4.42)\">\n\t\t<text font-family=\"playball\" font-size=\"72\" font-weight=\"Normal\" style=\"stroke: none; stroke-width: 1; stroke-dasharray: ; stroke-linecap: butt; stroke-linejoin: miter; stroke-miterlimit: 10; fill: #000; fill-rule: nonzero; opacity: 1;\" ><tspan x=\"-26.64\" y=\"16.1712\" fill=\"#000\">G<\/tspan><\/text>\n\t<\/g>\n<defs><style type=\"text\/css\"><![CDATA[@font-face {font-family: playball;src: url(\"http:\/\/localhost\/bulbandkey\/Dev\/media\/pdp\/fonts\/playball.ttf\");}]]><\/style><\/defs>\t<g transform=\"translate(25.1 -44.07) rotate(13.49)\">\n\t\t<text font-family=\"playball\" font-size=\"72\" font-weight=\"Normal\" style=\"stroke: none; stroke-width: 1; stroke-dasharray: ; stroke-linecap: butt; stroke-linejoin: miter; stroke-miterlimit: 10; fill: #000; fill-rule: nonzero; opacity: 1;\" ><tspan x=\"-16.164\" y=\"16.1712\" fill=\"#000\">u<\/tspan><\/text>\n\t<\/g>\n<defs><style type=\"text\/css\"><![CDATA[@font-face {font-family: playball;src: url(\"http:\/\/localhost\/bulbandkey\/Dev\/media\/pdp\/fonts\/playball.ttf\");}]]><\/style><\/defs>\t<g transform=\"translate(53.65 -36.4) rotate(25.88)\">\n\t\t<text font-family=\"playball\" font-size=\"72\" font-weight=\"Normal\" style=\"stroke: none; stroke-width: 1; stroke-dasharray: ; stroke-linecap: butt; stroke-linejoin: miter; stroke-miterlimit: 10; fill: #000; fill-rule: nonzero; opacity: 1;\" ><tspan x=\"-8.856\" y=\"16.1712\" fill=\"#000\">l<\/tspan><\/text>\n\t<\/g>\n<defs><style type=\"text\/css\"><![CDATA[@font-face {font-family: playball;src: url(\"http:\/\/localhost\/bulbandkey\/Dev\/media\/pdp\/fonts\/playball.ttf\");}]]><\/style><\/defs>\t<g transform=\"translate(78.92 -21.61) rotate(38.15)\">\n\t\t<text font-family=\"playball\" font-size=\"72\" font-weight=\"Normal\" style=\"stroke: none; stroke-width: 1; stroke-dasharray: ; stroke-linecap: butt; stroke-linejoin: miter; stroke-miterlimit: 10; fill: #000; fill-rule: nonzero; opacity: 1;\" ><tspan x=\"-15.768\" y=\"16.1712\" fill=\"#000\">h<\/tspan><\/text>\n\t<\/g>\n<defs><style type=\"text\/css\"><![CDATA[@font-face {font-family: playball;src: url(\"http:\/\/localhost\/bulbandkey\/Dev\/media\/pdp\/fonts\/playball.ttf\");}]]><\/style><\/defs>\t<g transform=\"translate(104.76 2.23) rotate(52.96)\">\n\t\t<text font-family=\"playball\" font-size=\"72\" font-weight=\"Normal\" style=\"stroke: none; stroke-width: 1; stroke-dasharray: ; stroke-linecap: butt; stroke-linejoin: miter; stroke-miterlimit: 10; fill: #000; fill-rule: nonzero; opacity: 1;\" ><tspan x=\"-17.028\" y=\"16.1712\" fill=\"#000\">a<\/tspan><\/text>\n\t<\/g>\n<defs><style type=\"text\/css\"><![CDATA[@font-face {font-family: playball;src: url(\"http:\/\/localhost\/bulbandkey\/Dev\/media\/pdp\/fonts\/playball.ttf\");}]]><\/style><\/defs>\t<g transform=\"translate(123.91 31.66) rotate(67.74)\">\n\t\t<text font-family=\"playball\" font-size=\"72\" font-weight=\"Normal\" style=\"stroke: none; stroke-width: 1; stroke-dasharray: ; stroke-linecap: butt; stroke-linejoin: miter; stroke-miterlimit: 10; fill: #000; fill-rule: nonzero; opacity: 1;\" ><tspan x=\"-15.696\" y=\"16.1712\" fill=\"#000\">n<\/tspan><\/text>\n\t<\/g>\n<defs><style type=\"text\/css\"><![CDATA[@font-face {font-family: playball;src: url(\"http:\/\/localhost\/bulbandkey\/Dev\/media\/pdp\/fonts\/playball.ttf\");}]]><\/style><\/defs>\t<g transform=\"translate(134.49 62) rotate(81.23)\">\n\t\t<text font-family=\"playball\" font-size=\"72\" font-weight=\"Normal\" style=\"stroke: none; stroke-width: 1; stroke-dasharray: ; stroke-linecap: butt; stroke-linejoin: miter; stroke-miterlimit: 10; fill: #000; fill-rule: nonzero; opacity: 1;\" ><tspan x=\"-12.888\" y=\"16.1712\" fill=\"#000\">e<\/tspan><\/text>\n\t<\/g>\n<\/g><g style=\"stroke: none; stroke-width: 1; stroke-dasharray: ; stroke-linecap: butt; stroke-linejoin: miter; stroke-miterlimit: 10; fill: #000; fill-rule: nonzero; opacity: 1;\" transform=\"translate(189.15 158.15) scale(0.17 0.17)\" >\n<path d=\"M 465.19 453.459 c 14.749 67.688 -58.752 82.375 -91.127 73.562 s -98.41 -10.281 -98.41 -10.281 s -66.218 1.469 -98.593 10.281 c -32.375 8.874 -105.937 -5.875 -91.249 -73.562 s 79.438 -64.75 97.186 -155.999 c 17.687 -91.249 92.718 -85.374 92.718 -85.374 s 74.847 -5.875 92.535 85.374 C 385.875 388.709 450.502 385.771 465.19 453.459 z M 343.586 206.15 c 39.841 11.505 83.844 -19.951 98.349 -70.258 c 14.504 -50.245 -5.998 -100.307 -45.839 -111.812 c -39.842 -11.506 -83.844 19.951 -98.349 70.258 C 283.243 144.583 303.745 194.645 343.586 206.15 z M 508.703 187.852 c -38.372 -15.668 -85.496 10.894 -105.264 59.363 c -19.768 48.471 -4.712 100.43 33.66 116.035 c 38.372 15.606 85.496 -10.894 105.264 -59.364 C 562.131 255.416 547.076 203.519 508.703 187.852 z M 207.416 206.15 c 39.841 -11.506 60.343 -61.567 45.839 -111.812 s -58.568 -81.702 -98.349 -70.196 c -39.78 11.505 -60.343 61.566 -45.839 111.812 C 123.572 186.199 167.575 217.655 207.416 206.15 z M 113.963 363.25 c 38.373 -15.667 53.428 -67.626 33.66 -116.035 s -66.892 -75.031 -105.264 -59.363 C 3.987 203.519 -11.068 255.478 8.7 303.886 C 28.467 352.356 75.591 378.917 113.963 363.25 z\" style=\"stroke: none; stroke-width: 1; stroke-dasharray: ; stroke-linecap: butt; stroke-linejoin: miter; stroke-miterlimit: 10; fill: #000; fill-rule: nonzero; opacity: 1;\" transform=\"\" stroke-linecap=\"round\" \/>\n<\/g>\n<defs><style type=\"text\/css\"><![CDATA[@font-face {font-family: playball;src: url(\"http:\/\/localhost\/bulbandkey\/Dev\/media\/pdp\/fonts\/playball.ttf\");}]]><\/style><\/defs><g transform=\"translate(232.57 264.84) rotate(179.02) scale(0.53 0.32)\"><defs><style type=\"text\/css\"><![CDATA[@font-face {font-family: playball;src: url(\"http:\/\/localhost\/bulbandkey\/Dev\/media\/pdp\/fonts\/playball.ttf\");}]]><\/style><\/defs>\t<g transform=\"translate(-131.6 59.44) rotate(-73.78)\">\n\t\t<text font-family=\"playball\" font-size=\"72\" font-weight=\"Normal\" style=\"stroke: none; stroke-width: 1; stroke-dasharray: ; stroke-linecap: butt; stroke-linejoin: miter; stroke-miterlimit: 10; fill: #000; fill-rule: nonzero; opacity: 1;\" ><tspan x=\"-21.96\" y=\"16.1712\" fill=\"#000\">R<\/tspan><\/text>\n\t<\/g>\n<defs><style type=\"text\/css\"><![CDATA[@font-face {font-family: playball;src: url(\"http:\/\/localhost\/bulbandkey\/Dev\/media\/pdp\/fonts\/playball.ttf\");}]]><\/style><\/defs>\t<g transform=\"translate(-117.79 22.38) rotate(-57.06)\">\n\t\t<text font-family=\"playball\" font-size=\"72\" font-weight=\"Normal\" style=\"stroke: none; stroke-width: 1; stroke-dasharray: ; stroke-linecap: butt; stroke-linejoin: miter; stroke-miterlimit: 10; fill: #000; fill-rule: nonzero; opacity: 1;\" ><tspan x=\"-17.028\" y=\"16.1712\" fill=\"#000\">a<\/tspan><\/text>\n\t<\/g>\n<defs><style type=\"text\/css\"><![CDATA[@font-face {font-family: playball;src: url(\"http:\/\/localhost\/bulbandkey\/Dev\/media\/pdp\/fonts\/playball.ttf\");}]]><\/style><\/defs>\t<g transform=\"translate(-97.4 -5.17) rotate(-42.64)\">\n\t\t<text font-family=\"playball\" font-size=\"72\" font-weight=\"Normal\" style=\"stroke: none; stroke-width: 1; stroke-dasharray: ; stroke-linecap: butt; stroke-linejoin: miter; stroke-miterlimit: 10; fill: #000; fill-rule: nonzero; opacity: 1;\" ><tspan x=\"-14.544\" y=\"16.1712\" fill=\"#000\">v<\/tspan><\/text>\n\t<\/g>\n<defs><style type=\"text\/css\"><![CDATA[@font-face {font-family: playball;src: url(\"http:\/\/localhost\/bulbandkey\/Dev\/media\/pdp\/fonts\/playball.ttf\");}]]><\/style><\/defs>\t<g transform=\"translate(-76.66 -23.44) rotate(-31.07)\">\n\t\t<text font-family=\"playball\" font-size=\"72\" font-weight=\"Normal\" style=\"stroke: none; stroke-width: 1; stroke-dasharray: ; stroke-linecap: butt; stroke-linejoin: miter; stroke-miterlimit: 10; fill: #000; fill-rule: nonzero; opacity: 1;\" ><tspan x=\"-7.812\" y=\"16.1712\" fill=\"#000\">i<\/tspan><\/text>\n\t<\/g>\n<defs><style type=\"text\/css\"><![CDATA[@font-face {font-family: playball;src: url(\"http:\/\/localhost\/bulbandkey\/Dev\/media\/pdp\/fonts\/playball.ttf\");}]]><\/style><\/defs>\t<g transform=\"translate(-54.75 -35.27) rotate(-20.66)\">\n\t\t<text font-family=\"playball\" font-size=\"72\" font-weight=\"Normal\" style=\"stroke: none; stroke-width: 1; stroke-dasharray: ; stroke-linecap: butt; stroke-linejoin: miter; stroke-miterlimit: 10; fill: #000; fill-rule: nonzero; opacity: 1;\" ><tspan x=\"-10.8\" y=\"16.1712\" fill=\"#000\"> <\/tspan><\/text>\n\t<\/g>\n<defs><style type=\"text\/css\"><![CDATA[@font-face {font-family: playball;src: url(\"http:\/\/localhost\/bulbandkey\/Dev\/media\/pdp\/fonts\/playball.ttf\");}]]><\/style><\/defs>\t<g transform=\"translate(-17.11 -43.5) rotate(-4.42)\">\n\t\t<text font-family=\"playball\" font-size=\"72\" font-weight=\"Normal\" style=\"stroke: none; stroke-width: 1; stroke-dasharray: ; stroke-linecap: butt; stroke-linejoin: miter; stroke-miterlimit: 10; fill: #000; fill-rule: nonzero; opacity: 1;\" ><tspan x=\"-26.64\" y=\"16.1712\" fill=\"#000\">G<\/tspan><\/text>\n\t<\/g>\n<defs><style type=\"text\/css\"><![CDATA[@font-face {font-family: playball;src: url(\"http:\/\/localhost\/bulbandkey\/Dev\/media\/pdp\/fonts\/playball.ttf\");}]]><\/style><\/defs>\t<g transform=\"translate(25.1 -44.07) rotate(13.49)\">\n\t\t<text font-family=\"playball\" font-size=\"72\" font-weight=\"Normal\" style=\"stroke: none; stroke-width: 1; stroke-dasharray: ; stroke-linecap: butt; stroke-linejoin: miter; stroke-miterlimit: 10; fill: #000; fill-rule: nonzero; opacity: 1;\" ><tspan x=\"-16.164\" y=\"16.1712\" fill=\"#000\">u<\/tspan><\/text>\n\t<\/g>\n<defs><style type=\"text\/css\"><![CDATA[@font-face {font-family: playball;src: url(\"http:\/\/localhost\/bulbandkey\/Dev\/media\/pdp\/fonts\/playball.ttf\");}]]><\/style><\/defs>\t<g transform=\"translate(53.65 -36.4) rotate(25.88)\">\n\t\t<text font-family=\"playball\" font-size=\"72\" font-weight=\"Normal\" style=\"stroke: none; stroke-width: 1; stroke-dasharray: ; stroke-linecap: butt; stroke-linejoin: miter; stroke-miterlimit: 10; fill: #000; fill-rule: nonzero; opacity: 1;\" ><tspan x=\"-8.856\" y=\"16.1712\" fill=\"#000\">l<\/tspan><\/text>\n\t<\/g>\n<defs><style type=\"text\/css\"><![CDATA[@font-face {font-family: playball;src: url(\"http:\/\/localhost\/bulbandkey\/Dev\/media\/pdp\/fonts\/playball.ttf\");}]]><\/style><\/defs>\t<g transform=\"translate(78.92 -21.61) rotate(38.15)\">\n\t\t<text font-family=\"playball\" font-size=\"72\" font-weight=\"Normal\" style=\"stroke: none; stroke-width: 1; stroke-dasharray: ; stroke-linecap: butt; stroke-linejoin: miter; stroke-miterlimit: 10; fill: #000; fill-rule: nonzero; opacity: 1;\" ><tspan x=\"-15.768\" y=\"16.1712\" fill=\"#000\">h<\/tspan><\/text>\n\t<\/g>\n<defs><style type=\"text\/css\"><![CDATA[@font-face {font-family: playball;src: url(\"http:\/\/localhost\/bulbandkey\/Dev\/media\/pdp\/fonts\/playball.ttf\");}]]><\/style><\/defs>\t<g transform=\"translate(104.76 2.23) rotate(52.96)\">\n\t\t<text font-family=\"playball\" font-size=\"72\" font-weight=\"Normal\" style=\"stroke: none; stroke-width: 1; stroke-dasharray: ; stroke-linecap: butt; stroke-linejoin: miter; stroke-miterlimit: 10; fill: #000; fill-rule: nonzero; opacity: 1;\" ><tspan x=\"-17.028\" y=\"16.1712\" fill=\"#000\">a<\/tspan><\/text>\n\t<\/g>\n<defs><style type=\"text\/css\"><![CDATA[@font-face {font-family: playball;src: url(\"http:\/\/localhost\/bulbandkey\/Dev\/media\/pdp\/fonts\/playball.ttf\");}]]><\/style><\/defs>\t<g transform=\"translate(123.91 31.66) rotate(67.74)\">\n\t\t<text font-family=\"playball\" font-size=\"72\" font-weight=\"Normal\" style=\"stroke: none; stroke-width: 1; stroke-dasharray: ; stroke-linecap: butt; stroke-linejoin: miter; stroke-miterlimit: 10; fill: #000; fill-rule: nonzero; opacity: 1;\" ><tspan x=\"-15.696\" y=\"16.1712\" fill=\"#000\">n<\/tspan><\/text>\n\t<\/g>\n<defs><style type=\"text\/css\"><![CDATA[@font-face {font-family: playball;src: url(\"http:\/\/localhost\/bulbandkey\/Dev\/media\/pdp\/fonts\/playball.ttf\");}]]><\/style><\/defs>\t<g transform=\"translate(134.49 62) rotate(81.23)\">\n\t\t<text font-family=\"playball\" font-size=\"72\" font-weight=\"Normal\" style=\"stroke: none; stroke-width: 1; stroke-dasharray: ; stroke-linecap: butt; stroke-linejoin: miter; stroke-miterlimit: 10; fill: #000; fill-rule: nonzero; opacity: 1;\" ><tspan x=\"-12.888\" y=\"16.1712\" fill=\"#000\">e<\/tspan><\/text>\n\t<\/g>\n<\/g><g transform=\"translate(225 225)\">\n<image xlink:href=\"http:\/\/localhost\/bulbandkey\/Dev\/media\/pdp\/images\/overlay1473481857.png\" x=\"-225\" y=\"-225\" style=\"stroke: none; stroke-width: 1; stroke-dasharray: ; stroke-linecap: butt; stroke-linejoin: miter; stroke-miterlimit: 10; fill: rgb(0,0,0); fill-rule: nonzero; opacity: 1;\" width=\"450\" height=\"450\" preserveAspectRatio=\"none\"><\/image>\n<\/g>\n<\/svg>","json":{"objects":[{"type":"rect","originX":"left","originY":"top","left":0,"top":0,"width":450,"height":450,"fill":"rgb(253, 240, 39)","stroke":null,"strokeWidth":1,"strokeDashArray":null,"strokeLineCap":"butt","strokeLineJoin":"miter","strokeMiterLimit":10,"scaleX":1,"scaleY":1,"angle":0,"flipX":false,"flipY":false,"opacity":1,"shadow":null,"visible":true,"clipTo":null,"backgroundColor":"","fillRule":"nonzero","globalCompositeOperation":"source-over","object_type":"background_color","selectable":false,"evented":false,"rx":0,"ry":0},{"type":"image","originX":"left","originY":"top","left":0,"top":0,"width":450,"height":450,"fill":"rgb(0,0,0)","stroke":null,"strokeWidth":1,"strokeDashArray":null,"strokeLineCap":"butt","strokeLineJoin":"miter","strokeMiterLimit":10,"scaleX":1,"scaleY":1,"angle":0,"flipX":false,"flipY":false,"opacity":1,"shadow":null,"visible":true,"clipTo":null,"backgroundColor":"","fillRule":"nonzero","globalCompositeOperation":"source-over","isrc":"http:\/\/localhost\/bulbandkey\/Dev\/media\/pdp\/images\/filename1473481857.png","price":0,"object_type":"background","selectable":false,"evented":false,"src":"http:\/\/localhost\/bulbandkey\/Dev\/media\/pdp\/images\/filename1473481857.png","filters":[],"crossOrigin":"","alignX":"min","alignY":"min","meetOrSlice":"slice"},{"type":"curvedText","originX":"left","originY":"top","left":141.22,"top":111.66,"width":367.33,"height":188.66,"fill":"#000","stroke":null,"strokeWidth":1,"strokeDashArray":null,"strokeLineCap":"butt","strokeLineJoin":"miter","strokeMiterLimit":10,"scaleX":0.53,"scaleY":0.32,"angle":0,"flipX":false,"flipY":false,"opacity":1,"shadow":null,"visible":true,"clipTo":null,"backgroundColor":"","fillRule":"nonzero","globalCompositeOperation":"source-over","name":"item_1","price":"0","selectable":true,"evented":true,"text":"Ravi Gulhane","fontSize":72,"fontWeight":"Normal","fontFamily":"playball","fontStyle":"","lineHeight":1.16,"textDecoration":"","textAlign":"center","textBackgroundColor":"","radius":"185","spacing":15,"reverse":false,"effect":"curved","range":5,"smallFont":36,"largeFont":72},{"type":"path-group","originX":"left","originY":"top","left":189.15,"top":158.15,"width":551.06,"height":551.06,"fill":"#000","stroke":null,"strokeWidth":1,"strokeDashArray":null,"strokeLineCap":"butt","strokeLineJoin":"miter","strokeMiterLimit":10,"scaleX":0.17,"scaleY":0.17,"angle":0,"flipX":false,"flipY":false,"opacity":1,"shadow":null,"visible":true,"clipTo":null,"backgroundColor":"","fillRule":"nonzero","globalCompositeOperation":"source-over","name":"item_2","isrc":"http:\/\/localhost\/bulbandkey\/Dev\/media\/pdp\/images\/artworks\/Animal_svg\/print48.svg","price":"0.00","object_type":"shape","selectable":true,"evented":true,"paths":[{"type":"path","originX":"left","originY":"top","left":-1.23,"top":21.71,"width":544.59,"height":507.65,"fill":"#000","stroke":null,"strokeWidth":1,"strokeDashArray":null,"strokeLineCap":"butt","strokeLineJoin":"miter","strokeMiterLimit":10,"scaleX":1,"scaleY":1,"angle":0,"flipX":false,"flipY":false,"opacity":1,"shadow":null,"visible":true,"clipTo":null,"backgroundColor":"","fillRule":"nonzero","globalCompositeOperation":"source-over","selectable":true,"evented":true,"path":[["M",465.19,453.459],["c",14.749,67.688,-58.752,82.375,-91.127,73.562],["s",-98.41,-10.281,-98.41,-10.281],["s",-66.218,1.469,-98.593,10.281],["c",-32.375,8.874,-105.937,-5.875,-91.249,-73.562],["s",79.438,-64.75,97.186,-155.999],["c",17.687,-91.249,92.718,-85.374,92.718,-85.374],["s",74.847,-5.875,92.535,85.374],["C",385.875,388.709,450.502,385.771,465.19,453.459],["z"],["M",343.586,206.15],["c",39.841,11.505,83.844,-19.951,98.349,-70.258],["c",14.504,-50.245,-5.998,-100.307,-45.839,-111.812],["c",-39.842,-11.506,-83.844,19.951,-98.349,70.258],["C",283.243,144.583,303.745,194.645,343.586,206.15],["z"],["M",508.703,187.852],["c",-38.372,-15.668,-85.496,10.894,-105.264,59.363],["c",-19.768,48.471,-4.712,100.43,33.66,116.035],["c",38.372,15.606,85.496,-10.894,105.264,-59.364],["C",562.131,255.416,547.076,203.519,508.703,187.852],["z"],["M",207.416,206.15],["c",39.841,-11.506,60.343,-61.567,45.839,-111.812],["s",-58.568,-81.702,-98.349,-70.196],["c",-39.78,11.505,-60.343,61.566,-45.839,111.812],["C",123.572,186.199,167.575,217.655,207.416,206.15],["z"],["M",113.963,363.25],["c",38.373,-15.667,53.428,-67.626,33.66,-116.035],["s",-66.892,-75.031,-105.264,-59.363],["C",3.987,203.519,-11.068,255.478,8.7,303.886],["C",28.467,352.356,75.591,378.917,113.963,363.25],["z"]],"pathOffset":{"x":271.063511441,"y":275.531045488}}]},{"type":"curvedText","originX":"left","originY":"top","left":330.41,"top":293.36,"width":367.33,"height":188.66,"fill":"#000","stroke":null,"strokeWidth":1,"strokeDashArray":null,"strokeLineCap":"butt","strokeLineJoin":"miter","strokeMiterLimit":10,"scaleX":0.53,"scaleY":0.32,"angle":179.02,"flipX":false,"flipY":false,"opacity":1,"shadow":null,"visible":true,"clipTo":null,"backgroundColor":"","fillRule":"nonzero","globalCompositeOperation":"source-over","name":"item_3","price":"0","selectable":true,"evented":true,"text":"Ravi Gulhane","fontSize":72,"fontWeight":"Normal","fontFamily":"playball","fontStyle":"","lineHeight":1.16,"textDecoration":"","textAlign":"center","textBackgroundColor":"","radius":"185","spacing":15,"reverse":false,"effect":"curved","range":5,"smallFont":36,"largeFont":72}],"background":"","overlayImage":{"type":"image","originX":"left","originY":"top","left":0,"top":0,"width":450,"height":450,"fill":"rgb(0,0,0)","stroke":null,"strokeWidth":1,"strokeDashArray":null,"strokeLineCap":"butt","strokeLineJoin":"miter","strokeMiterLimit":10,"scaleX":1,"scaleY":1,"angle":0,"flipX":false,"flipY":false,"opacity":1,"shadow":null,"visible":true,"clipTo":null,"backgroundColor":"","fillRule":"nonzero","globalCompositeOperation":"source-over","src":"http:\/\/localhost\/bulbandkey\/Dev\/media\/pdp\/images\/overlay1473481857.png","filters":[],"crossOrigin":"","alignX":"none","alignY":"none","meetOrSlice":"meet"},"scale":1},"final_price":"0.00"},"3":{"id":"3","product_id":"6","label":"Back","color_id":"0","inlay_w":"450","inlay_h":"450","inlay_t":"0","inlay_l":"0","filename":"filename1471614544.png","position":"0","status":"1","price":"0.00","overlay":"overlay1471614544.png","color_code":"","color_name":"","background_type":"image","canvassize":"custom_size","canvaswidth":"450","canvasheight":"450","use_mask":"1","thumbnail":"resize\/resize_filename1471614544.png","final_price":0}}