{"2":{"id":"2","product_id":"6","label":"T-Shirt Front","color_id":"0","inlay_w":"500","inlay_h":"500","inlay_t":"0","inlay_l":"0","filename":"filename1475992302.png","position":"0","status":"1","price":"0.00","overlay":"overlay1475992302.png","color_code":"ffffff","color_name":"White","background_type":"image","canvassize":"custom_size","canvaswidth":"500","canvasheight":"500","use_mask":"1","thumbnail":"resize\/resize_filename1475992302.png","background_path":"http:\/\/localhost\/bulbandkey\/Dev\/media\/pdp\/images\/filename1475992302.png","sideSvg":"<?xml version=\"1.0\" encoding=\"UTF-8\" standalone=\"no\" ?><!DOCTYPE svg PUBLIC \"-\/\/W3C\/\/DTD SVG 1.1\/\/EN\" \"http:\/\/www.w3.org\/Graphics\/SVG\/1.1\/DTD\/svg11.dtd\">\n<svg xmlns=\"http:\/\/www.w3.org\/2000\/svg\" xmlns:xlink=\"http:\/\/www.w3.org\/1999\/xlink\" version=\"1.1\" width=\"100%\" height=\"100%\" viewBox=\"0 0 500 500\" xml:space=\"preserve\"><desc>Created with Fabric.js 1.5.0<\/desc><defs><\/defs><rect x=\"-250\" y=\"-250\" rx=\"0\" ry=\"0\" width=\"500\" height=\"500\" style=\"stroke: none; stroke-width: 1; stroke-dasharray: ; stroke-linecap: butt; stroke-linejoin: miter; stroke-miterlimit: 10; fill: rgb(208, 26, 116); fill-rule: nonzero; opacity: 1;\" transform=\"translate(250 250)\"\/>\n<g transform=\"translate(250 250)\">\n<image xlink:href=\"http:\/\/localhost\/bulbandkey\/Dev\/media\/pdp\/images\/filename1475992302.png\" x=\"-250\" y=\"-250\" style=\"stroke: none; stroke-width: 1; stroke-dasharray: ; stroke-linecap: butt; stroke-linejoin: miter; stroke-miterlimit: 10; fill: rgb(0,0,0); fill-rule: nonzero; opacity: 1;\" width=\"500\" height=\"500\" preserveAspectRatio=\"xMinYMin slice\"><\/image>\n<\/g>\n<g transform=\"translate(253.69 199.18) scale(0.29 0.29)\">\n<image xlink:href=\"http:\/\/localhost\/bulbandkey\/Dev\/media\/pdp\/images\/artworks\/filename1449504103.png\" x=\"-366.5\" y=\"-256.5\" style=\"stroke: none; stroke-width: 1; stroke-dasharray: ; stroke-linecap: butt; stroke-linejoin: miter; stroke-miterlimit: 10; fill: rgb(0,0,0); fill-rule: nonzero; opacity: 1;\" width=\"733\" height=\"513\" preserveAspectRatio=\"none\"><\/image>\n<\/g>\n<g transform=\"translate(250 250)\">\n<image xlink:href=\"http:\/\/localhost\/bulbandkey\/Dev\/media\/pdp\/images\/overlay1475992302.png\" x=\"-250\" y=\"-250\" style=\"stroke: none; stroke-width: 1; stroke-dasharray: ; stroke-linecap: butt; stroke-linejoin: miter; stroke-miterlimit: 10; fill: rgb(0,0,0); fill-rule: nonzero; opacity: 1;\" width=\"500\" height=\"500\" preserveAspectRatio=\"none\"><\/image>\n<\/g>\n<\/svg>","json":{"objects":[{"type":"rect","originX":"left","originY":"top","left":0,"top":0,"width":500,"height":500,"fill":"rgb(208, 26, 116)","stroke":null,"strokeWidth":1,"strokeDashArray":null,"strokeLineCap":"butt","strokeLineJoin":"miter","strokeMiterLimit":10,"scaleX":1,"scaleY":1,"angle":0,"flipX":false,"flipY":false,"opacity":1,"shadow":null,"visible":true,"clipTo":null,"backgroundColor":"","fillRule":"nonzero","globalCompositeOperation":"source-over","object_type":"background_color","selectable":false,"evented":false,"rx":0,"ry":0},{"type":"image","originX":"left","originY":"top","left":0,"top":0,"width":500,"height":500,"fill":"rgb(0,0,0)","stroke":null,"strokeWidth":1,"strokeDashArray":null,"strokeLineCap":"butt","strokeLineJoin":"miter","strokeMiterLimit":10,"scaleX":1,"scaleY":1,"angle":0,"flipX":false,"flipY":false,"opacity":1,"shadow":null,"visible":true,"clipTo":null,"backgroundColor":"","fillRule":"nonzero","globalCompositeOperation":"source-over","isrc":"http:\/\/localhost\/bulbandkey\/Dev\/media\/pdp\/images\/filename1475992302.png","price":0,"object_type":"background","selectable":false,"evented":false,"src":"http:\/\/localhost\/bulbandkey\/Dev\/media\/pdp\/images\/filename1475992302.png","filters":[],"crossOrigin":"","alignX":"min","alignY":"min","meetOrSlice":"slice"},{"type":"image","originX":"left","originY":"top","left":147.4,"top":124.79,"width":733,"height":513,"fill":"rgb(0,0,0)","stroke":null,"strokeWidth":1,"strokeDashArray":null,"strokeLineCap":"butt","strokeLineJoin":"miter","strokeMiterLimit":10,"scaleX":0.29,"scaleY":0.29,"angle":0,"flipX":false,"flipY":false,"opacity":1,"shadow":null,"visible":true,"clipTo":null,"backgroundColor":"","fillRule":"nonzero","globalCompositeOperation":"source-over","name":"item_1","isrc":"http:\/\/localhost\/bulbandkey\/Dev\/media\/pdp\/images\/artworks\/filename1449504103.png","price":"1.00","object_type":"clipart","selectable":true,"evented":true,"src":"http:\/\/localhost\/bulbandkey\/Dev\/media\/pdp\/images\/artworks\/filename1449504103.png","filters":[],"crossOrigin":"","alignX":"none","alignY":"none","meetOrSlice":"meet"}],"background":"","overlayImage":{"type":"image","originX":"left","originY":"top","left":0,"top":0,"width":500,"height":500,"fill":"rgb(0,0,0)","stroke":null,"strokeWidth":1,"strokeDashArray":null,"strokeLineCap":"butt","strokeLineJoin":"miter","strokeMiterLimit":10,"scaleX":1,"scaleY":1,"angle":0,"flipX":false,"flipY":false,"opacity":1,"shadow":null,"visible":true,"clipTo":null,"backgroundColor":"","fillRule":"nonzero","globalCompositeOperation":"source-over","src":"http:\/\/localhost\/bulbandkey\/Dev\/media\/pdp\/images\/overlay1475992302.png","filters":[],"crossOrigin":"","alignX":"none","alignY":"none","meetOrSlice":"meet"},"scale":1},"final_price":"1.00"},"3":{"id":"3","product_id":"6","label":"Back","color_id":"0","inlay_w":"450","inlay_h":"450","inlay_t":"0","inlay_l":"0","filename":"filename1471614544.png","position":"0","status":"1","price":"0.00","overlay":"overlay1471614544.png","color_code":"","color_name":"","background_type":"image","canvassize":"custom_size","canvaswidth":"450","canvasheight":"450","use_mask":"1","thumbnail":"resize\/resize_filename1471614544.png","final_price":0}}