{"2":{"id":"2","product_id":"6","label":"T-Shirt Front","color_id":"0","inlay_w":"450","inlay_h":"450","inlay_t":"0","inlay_l":"0","filename":"filename1471623152.png","position":"0","status":"1","price":"0.00","overlay":"overlay1471623152.png","color_code":"ffffff","color_name":"White","background_type":"image","canvassize":"custom_size","canvaswidth":"450","canvasheight":"450","use_mask":"1","thumbnail":"resize\/resize_filename1471623152.png","background_path":"http:\/\/localhost\/bulbandkey\/Dev\/media\/pdp\/images\/filename1471623152.png","final_price":"1.00","sideSvg":"<?xml version=\"1.0\" encoding=\"UTF-8\" standalone=\"no\" ?><!DOCTYPE svg PUBLIC \"-\/\/W3C\/\/DTD SVG 1.1\/\/EN\" \"http:\/\/www.w3.org\/Graphics\/SVG\/1.1\/DTD\/svg11.dtd\">\n<svg xmlns=\"http:\/\/www.w3.org\/2000\/svg\" xmlns:xlink=\"http:\/\/www.w3.org\/1999\/xlink\" version=\"1.1\" width=\"100%\" height=\"100%\" viewBox=\"0 0 450 450\" xml:space=\"preserve\"><desc>Created with Fabric.js 1.5.0<\/desc><defs><\/defs><rect x=\"-225\" y=\"-225\" rx=\"0\" ry=\"0\" width=\"450\" height=\"450\" style=\"stroke: none; stroke-width: 1; stroke-dasharray: ; stroke-linecap: butt; stroke-linejoin: miter; stroke-miterlimit: 10; fill: #6ec451; fill-rule: nonzero; opacity: 1;\" transform=\"translate(225 225)\"\/>\n<g transform=\"translate(225 225)\">\n<image xlink:href=\"http:\/\/localhost\/bulbandkey\/Dev\/media\/pdp\/images\/filename1471623152.png\" x=\"-225\" y=\"-225\" style=\"stroke: none; stroke-width: 1; stroke-dasharray: ; stroke-linecap: butt; stroke-linejoin: miter; stroke-miterlimit: 10; fill: rgb(0,0,0); fill-rule: nonzero; opacity: 1;\" width=\"450\" height=\"450\" preserveAspectRatio=\"xMinYMin slice\"><\/image>\n<\/g>\n<g transform=\"translate(224.5 224.26) scale(0.13 0.13)\">\n<image xlink:href=\"http:\/\/localhost\/bulbandkey\/Dev\/media\/pdp\/images\/artworks\/filename1449503335.png\" x=\"-389.5\" y=\"-563.5\" style=\"stroke: none; stroke-width: 1; stroke-dasharray: ; stroke-linecap: butt; stroke-linejoin: miter; stroke-miterlimit: 10; fill: rgb(0,0,0); fill-rule: nonzero; opacity: 1;\" width=\"779\" height=\"1127\" preserveAspectRatio=\"none\"><\/image>\n<\/g>\n<g transform=\"translate(225 225)\">\n<image xlink:href=\"http:\/\/localhost\/bulbandkey\/Dev\/media\/pdp\/images\/overlay1471623152.png\" x=\"-225\" y=\"-225\" style=\"stroke: none; stroke-width: 1; stroke-dasharray: ; stroke-linecap: butt; stroke-linejoin: miter; stroke-miterlimit: 10; fill: rgb(0,0,0); fill-rule: nonzero; opacity: 1;\" width=\"450\" height=\"450\" preserveAspectRatio=\"none\"><\/image>\n<\/g>\n<\/svg>","json":{"objects":[{"type":"rect","originX":"left","originY":"top","left":0,"top":0,"width":450,"height":450,"fill":"#6ec451","stroke":null,"strokeWidth":1,"strokeDashArray":null,"strokeLineCap":"butt","strokeLineJoin":"miter","strokeMiterLimit":10,"scaleX":1,"scaleY":1,"angle":0,"flipX":false,"flipY":false,"opacity":1,"shadow":null,"visible":true,"clipTo":null,"backgroundColor":"","fillRule":"nonzero","globalCompositeOperation":"source-over","object_type":"background_color","selectable":false,"evented":false,"rx":0,"ry":0},{"type":"image","originX":"left","originY":"top","left":0,"top":0,"width":450,"height":450,"fill":"rgb(0,0,0)","stroke":null,"strokeWidth":1,"strokeDashArray":null,"strokeLineCap":"butt","strokeLineJoin":"miter","strokeMiterLimit":10,"scaleX":1,"scaleY":1,"angle":0,"flipX":false,"flipY":false,"opacity":1,"shadow":null,"visible":true,"clipTo":null,"backgroundColor":"","fillRule":"nonzero","globalCompositeOperation":"source-over","isrc":"http:\/\/localhost\/bulbandkey\/Dev\/media\/pdp\/images\/filename1471623152.png","price":0,"object_type":"background","selectable":false,"evented":false,"src":"http:\/\/localhost\/bulbandkey\/Dev\/media\/pdp\/images\/filename1471623152.png","filters":[],"crossOrigin":"","alignX":"min","alignY":"min","meetOrSlice":"slice"},{"type":"image","originX":"left","originY":"top","left":173.86,"top":151.01,"width":779,"height":1127,"fill":"rgb(0,0,0)","stroke":null,"strokeWidth":1,"strokeDashArray":null,"strokeLineCap":"butt","strokeLineJoin":"miter","strokeMiterLimit":10,"scaleX":0.13,"scaleY":0.13,"angle":0,"flipX":false,"flipY":false,"opacity":1,"shadow":null,"visible":true,"clipTo":null,"backgroundColor":"","fillRule":"nonzero","globalCompositeOperation":"source-over","name":"item_1","isrc":"http:\/\/localhost\/bulbandkey\/Dev\/media\/pdp\/images\/artworks\/filename1449503335.png","price":"1.00","object_type":"clipart","selectable":true,"evented":true,"src":"http:\/\/localhost\/bulbandkey\/Dev\/media\/pdp\/images\/artworks\/filename1449503335.png","filters":[],"crossOrigin":"","alignX":"none","alignY":"none","meetOrSlice":"meet"}],"background":"","overlayImage":{"type":"image","originX":"left","originY":"top","left":0,"top":0,"width":450,"height":450,"fill":"rgb(0,0,0)","stroke":null,"strokeWidth":1,"strokeDashArray":null,"strokeLineCap":"butt","strokeLineJoin":"miter","strokeMiterLimit":10,"scaleX":1,"scaleY":1,"angle":0,"flipX":false,"flipY":false,"opacity":1,"shadow":null,"visible":true,"clipTo":null,"backgroundColor":"","fillRule":"nonzero","globalCompositeOperation":"source-over","src":"http:\/\/localhost\/bulbandkey\/Dev\/media\/pdp\/images\/overlay1471623152.png","filters":[],"crossOrigin":"","alignX":"none","alignY":"none","meetOrSlice":"meet"},"scale":1}},"3":{"id":"3","product_id":"6","label":"Back","color_id":"0","inlay_w":"450","inlay_h":"450","inlay_t":"0","inlay_l":"0","filename":"filename1471614544.png","position":"0","status":"1","price":"0.00","overlay":"overlay1471614544.png","color_code":"","color_name":"","background_type":"image","canvassize":"custom_size","canvaswidth":"450","canvasheight":"450","use_mask":"1","thumbnail":"resize\/resize_filename1471614544.png","final_price":"1.00","background_path":"http:\/\/localhost\/bulbandkey\/Dev\/media\/pdp\/images\/filename1471614544.png","sideSvg":"<?xml version=\"1.0\" encoding=\"UTF-8\" standalone=\"no\" ?><!DOCTYPE svg PUBLIC \"-\/\/W3C\/\/DTD SVG 1.1\/\/EN\" \"http:\/\/www.w3.org\/Graphics\/SVG\/1.1\/DTD\/svg11.dtd\">\n<svg xmlns=\"http:\/\/www.w3.org\/2000\/svg\" xmlns:xlink=\"http:\/\/www.w3.org\/1999\/xlink\" version=\"1.1\" width=\"100%\" height=\"100%\" viewBox=\"0 0 450 450\" xml:space=\"preserve\"><desc>Created with Fabric.js 1.5.0<\/desc><defs><\/defs><rect x=\"-225\" y=\"-225\" rx=\"0\" ry=\"0\" width=\"450\" height=\"450\" style=\"stroke: none; stroke-width: 1; stroke-dasharray: ; stroke-linecap: butt; stroke-linejoin: miter; stroke-miterlimit: 10; fill: #ffffff; fill-rule: nonzero; opacity: 1;\" transform=\"translate(225 225)\"\/>\n<g transform=\"translate(225 225)\">\n<image xlink:href=\"http:\/\/localhost\/bulbandkey\/Dev\/media\/pdp\/images\/filename1471614544.png\" x=\"-225\" y=\"-225\" style=\"stroke: none; stroke-width: 1; stroke-dasharray: ; stroke-linecap: butt; stroke-linejoin: miter; stroke-miterlimit: 10; fill: rgb(0,0,0); fill-rule: nonzero; opacity: 1;\" width=\"450\" height=\"450\" preserveAspectRatio=\"xMinYMin slice\"><\/image>\n<\/g>\n<g transform=\"translate(224.3 223.99) scale(0.14 0.14)\">\n<image xlink:href=\"http:\/\/localhost\/bulbandkey\/Dev\/media\/pdp\/images\/artworks\/filename1449503335.png\" x=\"-389.5\" y=\"-563.5\" style=\"stroke: none; stroke-width: 1; stroke-dasharray: ; stroke-linecap: butt; stroke-linejoin: miter; stroke-miterlimit: 10; fill: rgb(0,0,0); fill-rule: nonzero; opacity: 1;\" width=\"779\" height=\"1127\" preserveAspectRatio=\"none\"><\/image>\n<\/g>\n<g transform=\"translate(225 225)\">\n<image xlink:href=\"http:\/\/localhost\/bulbandkey\/Dev\/media\/pdp\/images\/overlay1471614544.png\" x=\"-225\" y=\"-225\" style=\"stroke: none; stroke-width: 1; stroke-dasharray: ; stroke-linecap: butt; stroke-linejoin: miter; stroke-miterlimit: 10; fill: rgb(0,0,0); fill-rule: nonzero; opacity: 1;\" width=\"450\" height=\"450\" preserveAspectRatio=\"none\"><\/image>\n<\/g>\n<\/svg>","json":{"objects":[{"type":"rect","originX":"left","originY":"top","left":0,"top":0,"width":450,"height":450,"fill":"#ffffff","stroke":null,"strokeWidth":1,"strokeDashArray":null,"strokeLineCap":"butt","strokeLineJoin":"miter","strokeMiterLimit":10,"scaleX":1,"scaleY":1,"angle":0,"flipX":false,"flipY":false,"opacity":1,"shadow":null,"visible":true,"clipTo":null,"backgroundColor":"","fillRule":"nonzero","globalCompositeOperation":"source-over","object_type":"background_color","selectable":false,"evented":false,"rx":0,"ry":0},{"type":"image","originX":"left","originY":"top","left":0,"top":0,"width":450,"height":450,"fill":"rgb(0,0,0)","stroke":null,"strokeWidth":1,"strokeDashArray":null,"strokeLineCap":"butt","strokeLineJoin":"miter","strokeMiterLimit":10,"scaleX":1,"scaleY":1,"angle":0,"flipX":false,"flipY":false,"opacity":1,"shadow":null,"visible":true,"clipTo":null,"backgroundColor":"","fillRule":"nonzero","globalCompositeOperation":"source-over","isrc":"http:\/\/localhost\/bulbandkey\/Dev\/media\/pdp\/images\/filename1471614544.png","price":0,"object_type":"background","selectable":false,"evented":false,"src":"http:\/\/localhost\/bulbandkey\/Dev\/media\/pdp\/images\/filename1471614544.png","filters":[],"crossOrigin":"","alignX":"min","alignY":"min","meetOrSlice":"slice"},{"type":"image","originX":"left","originY":"top","left":169.77,"top":145.1,"width":779,"height":1127,"fill":"rgb(0,0,0)","stroke":null,"strokeWidth":1,"strokeDashArray":null,"strokeLineCap":"butt","strokeLineJoin":"miter","strokeMiterLimit":10,"scaleX":0.14,"scaleY":0.14,"angle":0,"flipX":false,"flipY":false,"opacity":1,"shadow":null,"visible":true,"clipTo":null,"backgroundColor":"","fillRule":"nonzero","globalCompositeOperation":"source-over","name":"item_1","isrc":"http:\/\/localhost\/bulbandkey\/Dev\/media\/pdp\/images\/artworks\/filename1449503335.png","price":"1.00","object_type":"clipart","selectable":true,"evented":true,"src":"http:\/\/localhost\/bulbandkey\/Dev\/media\/pdp\/images\/artworks\/filename1449503335.png","filters":[],"crossOrigin":"","alignX":"none","alignY":"none","meetOrSlice":"meet"}],"background":"","overlayImage":{"type":"image","originX":"left","originY":"top","left":0,"top":0,"width":450,"height":450,"fill":"rgb(0,0,0)","stroke":null,"strokeWidth":1,"strokeDashArray":null,"strokeLineCap":"butt","strokeLineJoin":"miter","strokeMiterLimit":10,"scaleX":1,"scaleY":1,"angle":0,"flipX":false,"flipY":false,"opacity":1,"shadow":null,"visible":true,"clipTo":null,"backgroundColor":"","fillRule":"nonzero","globalCompositeOperation":"source-over","src":"http:\/\/localhost\/bulbandkey\/Dev\/media\/pdp\/images\/overlay1471614544.png","filters":[],"crossOrigin":"","alignX":"none","alignY":"none","meetOrSlice":"meet"},"scale":1}}}