{"2":{"id":"2","product_id":"6","label":"T-Shirt Front","color_id":"0","inlay_w":"522","inlay_h":"500","inlay_t":"0","inlay_l":"0","filename":"filename1473481857.png","position":"0","status":"1","price":"0.00","overlay":"overlay1473481857.png","color_code":"ffffff","color_name":"White","background_type":"image","canvassize":"custom_size","canvaswidth":"450","canvasheight":"450","use_mask":"1","thumbnail":"resize\/resize_filename1473481857.png","background_path":"http:\/\/localhost\/bulbandkey\/Dev\/media\/pdp\/images\/filename1473481857.png","sideSvg":"<?xml version=\"1.0\" encoding=\"UTF-8\" standalone=\"no\" ?><!DOCTYPE svg PUBLIC \"-\/\/W3C\/\/DTD SVG 1.1\/\/EN\" \"http:\/\/www.w3.org\/Graphics\/SVG\/1.1\/DTD\/svg11.dtd\">\n<svg xmlns=\"http:\/\/www.w3.org\/2000\/svg\" xmlns:xlink=\"http:\/\/www.w3.org\/1999\/xlink\" version=\"1.1\" width=\"100%\" height=\"100%\" viewBox=\"0 0 450 450\" xml:space=\"preserve\"><desc>Created with Fabric.js 1.5.0<\/desc><defs><\/defs><rect x=\"-225\" y=\"-225\" rx=\"0\" ry=\"0\" width=\"450\" height=\"450\" style=\"stroke: none; stroke-width: 1; stroke-dasharray: ; stroke-linecap: butt; stroke-linejoin: miter; stroke-miterlimit: 10; fill: rgb(155, 15, 51); fill-rule: nonzero; opacity: 1;\" transform=\"translate(225 225)\"\/>\n<g transform=\"translate(225 225)\">\n<image xlink:href=\"http:\/\/localhost\/bulbandkey\/Dev\/media\/pdp\/images\/filename1473481857.png\" x=\"-225\" y=\"-225\" style=\"stroke: none; stroke-width: 1; stroke-dasharray: ; stroke-linecap: butt; stroke-linejoin: miter; stroke-miterlimit: 10; fill: rgb(0,0,0); fill-rule: nonzero; opacity: 1;\" width=\"450\" height=\"450\" preserveAspectRatio=\"xMinYMin slice\"><\/image>\n<\/g>\n<g style=\"stroke: none; stroke-width: 1; stroke-dasharray: ; stroke-linecap: butt; stroke-linejoin: miter; stroke-miterlimit: 10; fill: #ffffff; fill-rule: nonzero; opacity: 1;\" transform=\"translate(159.09 159.09) scale(0.33 0.33)\" >\n<path d=\"M 368.158 53.06 c -22.715 -22.714 -52.915 -35.224 -85.038 -35.224 c -30.464 0 -59.197 11.25 -81.458 31.786 C 154.547 6.202 80.881 7.348 35.167 53.061 c -46.89 46.89 -46.89 123.185 0 170.075 L 194.592 382.56 c 1.876 1.875 4.419 2.929 7.071 2.929 s 5.195 -1.054 7.071 -2.929 l 159.424 -159.424 C 415.048 176.246 415.048 99.951 368.158 53.06 z M 354.016 208.994 L 201.663 361.347 L 49.31 208.993 c -18.938 -18.937 -29.366 -44.114 -29.366 -70.895 c 0.001 -26.781 10.43 -51.959 29.367 -70.896 c 19.546 -19.546 45.221 -29.319 70.896 -29.319 c 24.097 0 48.194 8.61 67.225 25.829 l -28.962 28.962 c -3.905 3.905 -3.905 10.237 0 14.142 c 1.953 1.953 4.512 2.929 7.071 2.929 s 5.118 -0.976 7.071 -2.929 l 39.614 -39.615 c 18.937 -18.937 44.114 -29.366 70.895 -29.366 c 26.781 0 51.959 10.429 70.896 29.366 C 393.108 106.295 393.108 169.902 354.016 208.994 z\" style=\"stroke: none; stroke-width: 1; stroke-dasharray: ; stroke-linecap: butt; stroke-linejoin: miter; stroke-miterlimit: 10; fill: #ffffff; fill-rule: nonzero; opacity: 1;\" transform=\"\" stroke-linecap=\"round\" \/>\n<path d=\"M 312.596 54.129 c -9.7 -3.561 -19.901 -5.366 -30.32 -5.366 c -5.522 0 -10 4.477 -10 10 s 4.478 10 10 10 c 8.06 0 15.942 1.393 23.43 4.141 c 1.137 0.417 2.3 0.615 3.444 0.615 c 4.074 0 7.903 -2.51 9.389 -6.557 C 320.442 61.777 317.781 56.032 312.596 54.129 z\" style=\"stroke: none; stroke-width: 1; stroke-dasharray: ; stroke-linecap: butt; stroke-linejoin: miter; stroke-miterlimit: 10; fill: #ffffff; fill-rule: nonzero; opacity: 1;\" transform=\"\" stroke-linecap=\"round\" \/>\n<path d=\"M 349.446 79.908 c -3.569 -4.214 -9.881 -4.736 -14.094 -1.166 c -4.214 3.57 -4.736 9.88 -1.166 14.094 c 10.376 12.247 16.09 27.847 16.09 43.927 c 0 5.523 4.478 10 10 10 s 10 -4.477 10 -10 C 370.276 115.955 362.878 95.764 349.446 79.908 z\" style=\"stroke: none; stroke-width: 1; stroke-dasharray: ; stroke-linecap: butt; stroke-linejoin: miter; stroke-miterlimit: 10; fill: #ffffff; fill-rule: nonzero; opacity: 1;\" transform=\"\" stroke-linecap=\"round\" \/>\n<path d=\"M 185.299 298.843 c -3.906 -3.905 -10.236 -3.905 -14.143 0 c -3.905 3.905 -3.905 10.237 0 14.143 l 13.998 13.998 c 1.953 1.953 4.512 2.929 7.071 2.929 s 5.118 -0.976 7.071 -2.929 c 3.905 -3.905 3.905 -10.237 0 -14.143 L 185.299 298.843 z\" style=\"stroke: none; stroke-width: 1; stroke-dasharray: ; stroke-linecap: butt; stroke-linejoin: miter; stroke-miterlimit: 10; fill: #ffffff; fill-rule: nonzero; opacity: 1;\" transform=\"\" stroke-linecap=\"round\" \/>\n<path d=\"M 109.547 223.091 c -3.906 -3.905 -10.236 -3.905 -14.143 0 c -3.905 3.905 -3.905 10.237 0 14.143 l 52.751 52.751 c 1.953 1.953 4.512 2.929 7.071 2.929 s 5.118 -0.976 7.071 -2.929 c 3.905 -3.905 3.905 -10.237 0 -14.143 L 109.547 223.091 z\" style=\"stroke: none; stroke-width: 1; stroke-dasharray: ; stroke-linecap: butt; stroke-linejoin: miter; stroke-miterlimit: 10; fill: #ffffff; fill-rule: nonzero; opacity: 1;\" transform=\"\" stroke-linecap=\"round\" \/>\n<\/g>\n<g transform=\"translate(225 225)\">\n<image xlink:href=\"http:\/\/localhost\/bulbandkey\/Dev\/media\/pdp\/images\/overlay1473481857.png\" x=\"-225\" y=\"-225\" style=\"stroke: none; stroke-width: 1; stroke-dasharray: ; stroke-linecap: butt; stroke-linejoin: miter; stroke-miterlimit: 10; fill: rgb(0,0,0); fill-rule: nonzero; opacity: 1;\" width=\"450\" height=\"450\" preserveAspectRatio=\"none\"><\/image>\n<\/g>\n<\/svg>","json":{"objects":[{"type":"rect","originX":"left","originY":"top","left":0,"top":0,"width":450,"height":450,"fill":"rgb(155, 15, 51)","stroke":null,"strokeWidth":1,"strokeDashArray":null,"strokeLineCap":"butt","strokeLineJoin":"miter","strokeMiterLimit":10,"scaleX":1,"scaleY":1,"angle":0,"flipX":false,"flipY":false,"opacity":1,"shadow":null,"visible":true,"clipTo":null,"backgroundColor":"","fillRule":"nonzero","globalCompositeOperation":"source-over","object_type":"background_color","selectable":false,"evented":false,"rx":0,"ry":0},{"type":"image","originX":"left","originY":"top","left":0,"top":0,"width":450,"height":450,"fill":"rgb(0,0,0)","stroke":null,"strokeWidth":1,"strokeDashArray":null,"strokeLineCap":"butt","strokeLineJoin":"miter","strokeMiterLimit":10,"scaleX":1,"scaleY":1,"angle":0,"flipX":false,"flipY":false,"opacity":1,"shadow":null,"visible":true,"clipTo":null,"backgroundColor":"","fillRule":"nonzero","globalCompositeOperation":"source-over","isrc":"http:\/\/localhost\/bulbandkey\/Dev\/media\/pdp\/images\/filename1473481857.png","price":0,"object_type":"background","selectable":false,"evented":false,"src":"http:\/\/localhost\/bulbandkey\/Dev\/media\/pdp\/images\/filename1473481857.png","filters":[],"crossOrigin":"","alignX":"min","alignY":"min","meetOrSlice":"slice"},{"type":"path-group","originX":"left","originY":"top","left":159.09,"top":159.09,"width":403.33,"height":403.33,"fill":"#ffffff","stroke":null,"strokeWidth":1,"strokeDashArray":null,"strokeLineCap":"butt","strokeLineJoin":"miter","strokeMiterLimit":10,"scaleX":0.33,"scaleY":0.33,"angle":0,"flipX":false,"flipY":false,"opacity":1,"shadow":null,"visible":true,"clipTo":null,"backgroundColor":"","fillRule":"nonzero","globalCompositeOperation":"source-over","name":"item_1","isrc":"http:\/\/localhost\/bulbandkey\/Dev\/media\/pdp\/images\/artworks\/Love_svg\/healthcare59.svg","price":"0.00","object_type":"shape","selectable":true,"evented":true,"paths":[{"type":"path","originX":"left","originY":"top","left":0,"top":17.84,"width":403.33,"height":367.65,"fill":"#ffffff","stroke":null,"strokeWidth":1,"strokeDashArray":null,"strokeLineCap":"butt","strokeLineJoin":"miter","strokeMiterLimit":10,"scaleX":1,"scaleY":1,"angle":0,"flipX":false,"flipY":false,"opacity":1,"shadow":null,"visible":true,"clipTo":null,"backgroundColor":"","fillRule":"nonzero","globalCompositeOperation":"source-over","selectable":true,"evented":true,"path":[["M",368.158,53.06],["c",-22.715,-22.714,-52.915,-35.224,-85.038,-35.224],["c",-30.464,0,-59.197,11.25,-81.458,31.786],["C",154.547,6.202,80.881,7.348,35.167,53.061],["c",-46.89,46.89,-46.89,123.185,0,170.075],["L",194.592,382.56],["c",1.876,1.875,4.419,2.929,7.071,2.929],["s",5.195,-1.054,7.071,-2.929],["l",159.424,-159.424],["C",415.048,176.246,415.048,99.951,368.158,53.06],["z"],["M",354.016,208.994],["L",201.663,361.347],["L",49.31,208.993],["c",-18.938,-18.937,-29.366,-44.114,-29.366,-70.895],["c",0.001,-26.781,10.43,-51.959,29.367,-70.896],["c",19.546,-19.546,45.221,-29.319,70.896,-29.319],["c",24.097,0,48.194,8.61,67.225,25.829],["l",-28.962,28.962],["c",-3.905,3.905,-3.905,10.237,0,14.142],["c",1.953,1.953,4.512,2.929,7.071,2.929],["s",5.118,-0.976,7.071,-2.929],["l",39.614,-39.615],["c",18.937,-18.937,44.114,-29.366,70.895,-29.366],["c",26.781,0,51.959,10.429,70.896,29.366],["C",393.108,106.295,393.108,169.902,354.016,208.994],["z"]],"pathOffset":{"x":201.6625,"y":201.6625}},{"type":"path","originX":"left","originY":"top","left":272.28,"top":48.76,"width":46.26,"height":24.76,"fill":"#ffffff","stroke":null,"strokeWidth":1,"strokeDashArray":null,"strokeLineCap":"butt","strokeLineJoin":"miter","strokeMiterLimit":10,"scaleX":1,"scaleY":1,"angle":0,"flipX":false,"flipY":false,"opacity":1,"shadow":null,"visible":true,"clipTo":null,"backgroundColor":"","fillRule":"nonzero","globalCompositeOperation":"source-over","selectable":true,"evented":true,"path":[["M",312.596,54.129],["c",-9.7,-3.561,-19.901,-5.366,-30.32,-5.366],["c",-5.522,0,-10,4.477,-10,10],["s",4.478,10,10,10],["c",8.06,0,15.942,1.393,23.43,4.141],["c",1.137,0.417,2.3,0.615,3.444,0.615],["c",4.074,0,7.903,-2.51,9.389,-6.557],["C",320.442,61.777,317.781,56.032,312.596,54.129],["z"]],"pathOffset":{"x":295.4075,"y":61.141}},{"type":"path","originX":"left","originY":"top","left":331.82,"top":76.37,"width":38.46,"height":70.39,"fill":"#ffffff","stroke":null,"strokeWidth":1,"strokeDashArray":null,"strokeLineCap":"butt","strokeLineJoin":"miter","strokeMiterLimit":10,"scaleX":1,"scaleY":1,"angle":0,"flipX":false,"flipY":false,"opacity":1,"shadow":null,"visible":true,"clipTo":null,"backgroundColor":"","fillRule":"nonzero","globalCompositeOperation":"source-over","selectable":true,"evented":true,"path":[["M",349.446,79.908],["c",-3.569,-4.214,-9.881,-4.736,-14.094,-1.166],["c",-4.214,3.57,-4.736,9.88,-1.166,14.094],["c",10.376,12.247,16.09,27.847,16.09,43.927],["c",0,5.523,4.478,10,10,10],["s",10,-4.477,10,-10],["C",370.276,115.955,362.878,95.764,349.446,79.908],["z"]],"pathOffset":{"x":351.045873077,"y":111.567373077}},{"type":"path","originX":"left","originY":"top","left":168.23,"top":295.91,"width":34,"height":34,"fill":"#ffffff","stroke":null,"strokeWidth":1,"strokeDashArray":null,"strokeLineCap":"butt","strokeLineJoin":"miter","strokeMiterLimit":10,"scaleX":1,"scaleY":1,"angle":0,"flipX":false,"flipY":false,"opacity":1,"shadow":null,"visible":true,"clipTo":null,"backgroundColor":"","fillRule":"nonzero","globalCompositeOperation":"source-over","selectable":true,"evented":true,"path":[["M",185.299,298.843],["c",-3.906,-3.905,-10.236,-3.905,-14.143,0],["c",-3.905,3.905,-3.905,10.237,0,14.143],["l",13.998,13.998],["c",1.953,1.953,4.512,2.929,7.071,2.929],["s",5.118,-0.976,7.071,-2.929],["c",3.905,-3.905,3.905,-10.237,0,-14.143],["L",185.299,298.843],["z"]],"pathOffset":{"x":185.226,"y":312.913625}},{"type":"path","originX":"left","originY":"top","left":92.48,"top":220.16,"width":72.75,"height":72.75,"fill":"#ffffff","stroke":null,"strokeWidth":1,"strokeDashArray":null,"strokeLineCap":"butt","strokeLineJoin":"miter","strokeMiterLimit":10,"scaleX":1,"scaleY":1,"angle":0,"flipX":false,"flipY":false,"opacity":1,"shadow":null,"visible":true,"clipTo":null,"backgroundColor":"","fillRule":"nonzero","globalCompositeOperation":"source-over","selectable":true,"evented":true,"path":[["M",109.547,223.091],["c",-3.906,-3.905,-10.236,-3.905,-14.143,0],["c",-3.905,3.905,-3.905,10.237,0,14.143],["l",52.751,52.751],["c",1.953,1.953,4.512,2.929,7.071,2.929],["s",5.118,-0.976,7.071,-2.929],["c",3.905,-3.905,3.905,-10.237,0,-14.143],["L",109.547,223.091],["z"]],"pathOffset":{"x":128.8505,"y":256.538125}}]}],"background":"","overlayImage":{"type":"image","originX":"left","originY":"top","left":0,"top":0,"width":450,"height":450,"fill":"rgb(0,0,0)","stroke":null,"strokeWidth":1,"strokeDashArray":null,"strokeLineCap":"butt","strokeLineJoin":"miter","strokeMiterLimit":10,"scaleX":1,"scaleY":1,"angle":0,"flipX":false,"flipY":false,"opacity":1,"shadow":null,"visible":true,"clipTo":null,"backgroundColor":"","fillRule":"nonzero","globalCompositeOperation":"source-over","src":"http:\/\/localhost\/bulbandkey\/Dev\/media\/pdp\/images\/overlay1473481857.png","filters":[],"crossOrigin":"","alignX":"none","alignY":"none","meetOrSlice":"meet"},"scale":1},"final_price":"0.00"},"3":{"id":"3","product_id":"6","label":"Back","color_id":"0","inlay_w":"450","inlay_h":"450","inlay_t":"0","inlay_l":"0","filename":"filename1471614544.png","position":"0","status":"1","price":"0.00","overlay":"overlay1471614544.png","color_code":"","color_name":"","background_type":"image","canvassize":"custom_size","canvaswidth":"450","canvasheight":"450","use_mask":"1","thumbnail":"resize\/resize_filename1471614544.png","final_price":0}}