{"2":{"id":"2","product_id":"6","label":"T-Shirt Front","color_id":"0","inlay_w":"522","inlay_h":"500","inlay_t":"0","inlay_l":"0","filename":"filename1473481857.png","position":"0","status":"1","price":"0.00","overlay":"overlay1473481857.png","color_code":"ffffff","color_name":"White","background_type":"image","canvassize":"custom_size","canvaswidth":"450","canvasheight":"450","use_mask":"1","thumbnail":"resize\/resize_filename1473481857.png","background_path":"http:\/\/localhost\/bulbandkey\/Dev\/media\/pdp\/images\/filename1473481857.png","sideSvg":"<?xml version=\"1.0\" encoding=\"UTF-8\" standalone=\"no\" ?><!DOCTYPE svg PUBLIC \"-\/\/W3C\/\/DTD SVG 1.1\/\/EN\" \"http:\/\/www.w3.org\/Graphics\/SVG\/1.1\/DTD\/svg11.dtd\">\n<svg xmlns=\"http:\/\/www.w3.org\/2000\/svg\" xmlns:xlink=\"http:\/\/www.w3.org\/1999\/xlink\" version=\"1.1\" width=\"100%\" height=\"100%\" viewBox=\"0 0 450 450\" xml:space=\"preserve\"><desc>Created with Fabric.js 1.5.0<\/desc><defs><\/defs><rect x=\"-225\" y=\"-225\" rx=\"0\" ry=\"0\" width=\"450\" height=\"450\" style=\"stroke: none; stroke-width: 1; stroke-dasharray: ; stroke-linecap: butt; stroke-linejoin: miter; stroke-miterlimit: 10; fill: rgb(208, 26, 116); fill-rule: nonzero; opacity: 1;\" transform=\"translate(225 225)\"\/>\n<g transform=\"translate(225 225)\">\n<image xlink:href=\"http:\/\/localhost\/bulbandkey\/Dev\/media\/pdp\/images\/filename1473481857.png\" x=\"-225\" y=\"-225\" style=\"stroke: none; stroke-width: 1; stroke-dasharray: ; stroke-linecap: butt; stroke-linejoin: miter; stroke-miterlimit: 10; fill: rgb(0,0,0); fill-rule: nonzero; opacity: 1;\" width=\"450\" height=\"450\" preserveAspectRatio=\"xMinYMin slice\"><\/image>\n<\/g>\n<g transform=\"translate(215.34 306.84) scale(0.32 0.32)\">\n<image xlink:href=\"http:\/\/localhost\/bulbandkey\/Dev\/media\/pdp\/images\/artworks\/filename1449504103.png\" x=\"-366.5\" y=\"-256.5\" style=\"stroke: none; stroke-width: 1; stroke-dasharray: ; stroke-linecap: butt; stroke-linejoin: miter; stroke-miterlimit: 10; fill: rgb(0,0,0); fill-rule: nonzero; opacity: 1;\" width=\"733\" height=\"513\" preserveAspectRatio=\"none\"><\/image>\n<\/g>\n<g style=\"stroke: none; stroke-width: 1; stroke-dasharray: ; stroke-linecap: butt; stroke-linejoin: miter; stroke-miterlimit: 10; fill: #000; fill-rule: nonzero; opacity: 1;\" transform=\"translate(143.22 127.68) rotate(327.11) scale(0.1 0.1)\" >\n<path d=\"M 465.19 453.459 c 14.749 67.688 -58.752 82.375 -91.127 73.562 s -98.41 -10.281 -98.41 -10.281 s -66.218 1.469 -98.593 10.281 c -32.375 8.874 -105.937 -5.875 -91.249 -73.562 s 79.438 -64.75 97.186 -155.999 c 17.687 -91.249 92.718 -85.374 92.718 -85.374 s 74.847 -5.875 92.535 85.374 C 385.875 388.709 450.502 385.771 465.19 453.459 z M 343.586 206.15 c 39.841 11.505 83.844 -19.951 98.349 -70.258 c 14.504 -50.245 -5.998 -100.307 -45.839 -111.812 c -39.842 -11.506 -83.844 19.951 -98.349 70.258 C 283.243 144.583 303.745 194.645 343.586 206.15 z M 508.703 187.852 c -38.372 -15.668 -85.496 10.894 -105.264 59.363 c -19.768 48.471 -4.712 100.43 33.66 116.035 c 38.372 15.606 85.496 -10.894 105.264 -59.364 C 562.131 255.416 547.076 203.519 508.703 187.852 z M 207.416 206.15 c 39.841 -11.506 60.343 -61.567 45.839 -111.812 s -58.568 -81.702 -98.349 -70.196 c -39.78 11.505 -60.343 61.566 -45.839 111.812 C 123.572 186.199 167.575 217.655 207.416 206.15 z M 113.963 363.25 c 38.373 -15.667 53.428 -67.626 33.66 -116.035 s -66.892 -75.031 -105.264 -59.363 C 3.987 203.519 -11.068 255.478 8.7 303.886 C 28.467 352.356 75.591 378.917 113.963 363.25 z\" style=\"stroke: none; stroke-width: 1; stroke-dasharray: ; stroke-linecap: butt; stroke-linejoin: miter; stroke-miterlimit: 10; fill: #000; fill-rule: nonzero; opacity: 1;\" transform=\"\" stroke-linecap=\"round\" \/>\n<\/g>\n<g style=\"stroke: none; stroke-width: 1; stroke-dasharray: ; stroke-linecap: butt; stroke-linejoin: miter; stroke-miterlimit: 10; fill: #000; fill-rule: nonzero; opacity: 1;\" transform=\"translate(206.86 212.2) rotate(319.97) scale(0.08 0.08)\" >\n<path d=\"M 465.19 453.459 c 14.749 67.688 -58.752 82.375 -91.127 73.562 s -98.41 -10.281 -98.41 -10.281 s -66.218 1.469 -98.593 10.281 c -32.375 8.874 -105.937 -5.875 -91.249 -73.562 s 79.438 -64.75 97.186 -155.999 c 17.687 -91.249 92.718 -85.374 92.718 -85.374 s 74.847 -5.875 92.535 85.374 C 385.875 388.709 450.502 385.771 465.19 453.459 z M 343.586 206.15 c 39.841 11.505 83.844 -19.951 98.349 -70.258 c 14.504 -50.245 -5.998 -100.307 -45.839 -111.812 c -39.842 -11.506 -83.844 19.951 -98.349 70.258 C 283.243 144.583 303.745 194.645 343.586 206.15 z M 508.703 187.852 c -38.372 -15.668 -85.496 10.894 -105.264 59.363 c -19.768 48.471 -4.712 100.43 33.66 116.035 c 38.372 15.606 85.496 -10.894 105.264 -59.364 C 562.131 255.416 547.076 203.519 508.703 187.852 z M 207.416 206.15 c 39.841 -11.506 60.343 -61.567 45.839 -111.812 s -58.568 -81.702 -98.349 -70.196 c -39.78 11.505 -60.343 61.566 -45.839 111.812 C 123.572 186.199 167.575 217.655 207.416 206.15 z M 113.963 363.25 c 38.373 -15.667 53.428 -67.626 33.66 -116.035 s -66.892 -75.031 -105.264 -59.363 C 3.987 203.519 -11.068 255.478 8.7 303.886 C 28.467 352.356 75.591 378.917 113.963 363.25 z\" style=\"stroke: none; stroke-width: 1; stroke-dasharray: ; stroke-linecap: butt; stroke-linejoin: miter; stroke-miterlimit: 10; fill: #000; fill-rule: nonzero; opacity: 1;\" transform=\"\" stroke-linecap=\"round\" \/>\n<\/g>\n<g style=\"stroke: none; stroke-width: 1; stroke-dasharray: ; stroke-linecap: butt; stroke-linejoin: miter; stroke-miterlimit: 10; fill: #000; fill-rule: nonzero; opacity: 1;\" transform=\"translate(285.86 262.2) rotate(319.97) scale(0.08 0.08)\" >\n<path d=\"M 465.19 453.459 c 14.749 67.688 -58.752 82.375 -91.127 73.562 s -98.41 -10.281 -98.41 -10.281 s -66.218 1.469 -98.593 10.281 c -32.375 8.874 -105.937 -5.875 -91.249 -73.562 s 79.438 -64.75 97.186 -155.999 c 17.687 -91.249 92.718 -85.374 92.718 -85.374 s 74.847 -5.875 92.535 85.374 C 385.875 388.709 450.502 385.771 465.19 453.459 z M 343.586 206.15 c 39.841 11.505 83.844 -19.951 98.349 -70.258 c 14.504 -50.245 -5.998 -100.307 -45.839 -111.812 c -39.842 -11.506 -83.844 19.951 -98.349 70.258 C 283.243 144.583 303.745 194.645 343.586 206.15 z M 508.703 187.852 c -38.372 -15.668 -85.496 10.894 -105.264 59.363 c -19.768 48.471 -4.712 100.43 33.66 116.035 c 38.372 15.606 85.496 -10.894 105.264 -59.364 C 562.131 255.416 547.076 203.519 508.703 187.852 z M 207.416 206.15 c 39.841 -11.506 60.343 -61.567 45.839 -111.812 s -58.568 -81.702 -98.349 -70.196 c -39.78 11.505 -60.343 61.566 -45.839 111.812 C 123.572 186.199 167.575 217.655 207.416 206.15 z M 113.963 363.25 c 38.373 -15.667 53.428 -67.626 33.66 -116.035 s -66.892 -75.031 -105.264 -59.363 C 3.987 203.519 -11.068 255.478 8.7 303.886 C 28.467 352.356 75.591 378.917 113.963 363.25 z\" style=\"stroke: none; stroke-width: 1; stroke-dasharray: ; stroke-linecap: butt; stroke-linejoin: miter; stroke-miterlimit: 10; fill: #000; fill-rule: nonzero; opacity: 1;\" transform=\"\" stroke-linecap=\"round\" \/>\n<\/g>\n<g style=\"stroke: none; stroke-width: 1; stroke-dasharray: ; stroke-linecap: butt; stroke-linejoin: miter; stroke-miterlimit: 10; fill: #000; fill-rule: nonzero; opacity: 1;\" transform=\"translate(245.86 144.19999999999996) rotate(319.97) scale(0.08 0.08)\" >\n<path d=\"M 465.19 453.459 c 14.749 67.688 -58.752 82.375 -91.127 73.562 s -98.41 -10.281 -98.41 -10.281 s -66.218 1.469 -98.593 10.281 c -32.375 8.874 -105.937 -5.875 -91.249 -73.562 s 79.438 -64.75 97.186 -155.999 c 17.687 -91.249 92.718 -85.374 92.718 -85.374 s 74.847 -5.875 92.535 85.374 C 385.875 388.709 450.502 385.771 465.19 453.459 z M 343.586 206.15 c 39.841 11.505 83.844 -19.951 98.349 -70.258 c 14.504 -50.245 -5.998 -100.307 -45.839 -111.812 c -39.842 -11.506 -83.844 19.951 -98.349 70.258 C 283.243 144.583 303.745 194.645 343.586 206.15 z M 508.703 187.852 c -38.372 -15.668 -85.496 10.894 -105.264 59.363 c -19.768 48.471 -4.712 100.43 33.66 116.035 c 38.372 15.606 85.496 -10.894 105.264 -59.364 C 562.131 255.416 547.076 203.519 508.703 187.852 z M 207.416 206.15 c 39.841 -11.506 60.343 -61.567 45.839 -111.812 s -58.568 -81.702 -98.349 -70.196 c -39.78 11.505 -60.343 61.566 -45.839 111.812 C 123.572 186.199 167.575 217.655 207.416 206.15 z M 113.963 363.25 c 38.373 -15.667 53.428 -67.626 33.66 -116.035 s -66.892 -75.031 -105.264 -59.363 C 3.987 203.519 -11.068 255.478 8.7 303.886 C 28.467 352.356 75.591 378.917 113.963 363.25 z\" style=\"stroke: none; stroke-width: 1; stroke-dasharray: ; stroke-linecap: butt; stroke-linejoin: miter; stroke-miterlimit: 10; fill: #000; fill-rule: nonzero; opacity: 1;\" transform=\"\" stroke-linecap=\"round\" \/>\n<\/g>\n<g transform=\"translate(225 225)\">\n<image xlink:href=\"http:\/\/localhost\/bulbandkey\/Dev\/media\/pdp\/images\/overlay1473481857.png\" x=\"-225\" y=\"-225\" style=\"stroke: none; stroke-width: 1; stroke-dasharray: ; stroke-linecap: butt; stroke-linejoin: miter; stroke-miterlimit: 10; fill: rgb(0,0,0); fill-rule: nonzero; opacity: 1;\" width=\"450\" height=\"450\" preserveAspectRatio=\"none\"><\/image>\n<\/g>\n<\/svg>","json":{"objects":[{"type":"rect","originX":"left","originY":"top","left":0,"top":0,"width":450,"height":450,"fill":"rgb(208, 26, 116)","stroke":null,"strokeWidth":1,"strokeDashArray":null,"strokeLineCap":"butt","strokeLineJoin":"miter","strokeMiterLimit":10,"scaleX":1,"scaleY":1,"angle":0,"flipX":false,"flipY":false,"opacity":1,"shadow":null,"visible":true,"clipTo":null,"backgroundColor":"","fillRule":"nonzero","globalCompositeOperation":"source-over","object_type":"background_color","selectable":false,"evented":false,"rx":0,"ry":0},{"type":"image","originX":"left","originY":"top","left":0,"top":0,"width":450,"height":450,"fill":"rgb(0,0,0)","stroke":null,"strokeWidth":1,"strokeDashArray":null,"strokeLineCap":"butt","strokeLineJoin":"miter","strokeMiterLimit":10,"scaleX":1,"scaleY":1,"angle":0,"flipX":false,"flipY":false,"opacity":1,"shadow":null,"visible":true,"clipTo":null,"backgroundColor":"","fillRule":"nonzero","globalCompositeOperation":"source-over","isrc":"http:\/\/localhost\/bulbandkey\/Dev\/media\/pdp\/images\/filename1473481857.png","price":0,"object_type":"background","selectable":false,"evented":false,"src":"http:\/\/localhost\/bulbandkey\/Dev\/media\/pdp\/images\/filename1473481857.png","filters":[],"crossOrigin":"","alignX":"min","alignY":"min","meetOrSlice":"slice"},{"type":"image","originX":"left","originY":"top","left":98.06,"top":224.76,"width":733,"height":513,"fill":"rgb(0,0,0)","stroke":null,"strokeWidth":1,"strokeDashArray":null,"strokeLineCap":"butt","strokeLineJoin":"miter","strokeMiterLimit":10,"scaleX":0.32,"scaleY":0.32,"angle":0,"flipX":false,"flipY":false,"opacity":1,"shadow":null,"visible":true,"clipTo":null,"backgroundColor":"","fillRule":"nonzero","globalCompositeOperation":"source-over","name":"item_1","isrc":"http:\/\/localhost\/bulbandkey\/Dev\/media\/pdp\/images\/artworks\/filename1449504103.png","price":"1.00","object_type":"clipart","selectable":true,"evented":true,"src":"http:\/\/localhost\/bulbandkey\/Dev\/media\/pdp\/images\/artworks\/filename1449504103.png","filters":[],"crossOrigin":"","alignX":"none","alignY":"none","meetOrSlice":"meet"},{"type":"path-group","originX":"left","originY":"top","left":143.22,"top":127.68,"width":551.06,"height":551.06,"fill":"#000","stroke":null,"strokeWidth":1,"strokeDashArray":null,"strokeLineCap":"butt","strokeLineJoin":"miter","strokeMiterLimit":10,"scaleX":0.1,"scaleY":0.1,"angle":327.11,"flipX":false,"flipY":false,"opacity":1,"shadow":null,"visible":true,"clipTo":null,"backgroundColor":"","fillRule":"nonzero","globalCompositeOperation":"source-over","name":"item_2","isrc":"http:\/\/localhost\/bulbandkey\/Dev\/media\/pdp\/images\/artworks\/Animal_svg\/print48.svg","price":"0.00","object_type":"shape","selectable":true,"evented":true,"paths":[{"type":"path","originX":"left","originY":"top","left":-1.23,"top":21.71,"width":544.59,"height":507.65,"fill":"#000","stroke":null,"strokeWidth":1,"strokeDashArray":null,"strokeLineCap":"butt","strokeLineJoin":"miter","strokeMiterLimit":10,"scaleX":1,"scaleY":1,"angle":0,"flipX":false,"flipY":false,"opacity":1,"shadow":null,"visible":true,"clipTo":null,"backgroundColor":"","fillRule":"nonzero","globalCompositeOperation":"source-over","selectable":true,"evented":true,"path":[["M",465.19,453.459],["c",14.749,67.688,-58.752,82.375,-91.127,73.562],["s",-98.41,-10.281,-98.41,-10.281],["s",-66.218,1.469,-98.593,10.281],["c",-32.375,8.874,-105.937,-5.875,-91.249,-73.562],["s",79.438,-64.75,97.186,-155.999],["c",17.687,-91.249,92.718,-85.374,92.718,-85.374],["s",74.847,-5.875,92.535,85.374],["C",385.875,388.709,450.502,385.771,465.19,453.459],["z"],["M",343.586,206.15],["c",39.841,11.505,83.844,-19.951,98.349,-70.258],["c",14.504,-50.245,-5.998,-100.307,-45.839,-111.812],["c",-39.842,-11.506,-83.844,19.951,-98.349,70.258],["C",283.243,144.583,303.745,194.645,343.586,206.15],["z"],["M",508.703,187.852],["c",-38.372,-15.668,-85.496,10.894,-105.264,59.363],["c",-19.768,48.471,-4.712,100.43,33.66,116.035],["c",38.372,15.606,85.496,-10.894,105.264,-59.364],["C",562.131,255.416,547.076,203.519,508.703,187.852],["z"],["M",207.416,206.15],["c",39.841,-11.506,60.343,-61.567,45.839,-111.812],["s",-58.568,-81.702,-98.349,-70.196],["c",-39.78,11.505,-60.343,61.566,-45.839,111.812],["C",123.572,186.199,167.575,217.655,207.416,206.15],["z"],["M",113.963,363.25],["c",38.373,-15.667,53.428,-67.626,33.66,-116.035],["s",-66.892,-75.031,-105.264,-59.363],["C",3.987,203.519,-11.068,255.478,8.7,303.886],["C",28.467,352.356,75.591,378.917,113.963,363.25],["z"]],"pathOffset":{"x":271.063511441,"y":275.531045488}}]},{"type":"path-group","originX":"left","originY":"top","left":206.86,"top":212.2,"width":551.06,"height":551.06,"fill":"#000","stroke":null,"strokeWidth":1,"strokeDashArray":null,"strokeLineCap":"butt","strokeLineJoin":"miter","strokeMiterLimit":10,"scaleX":0.08,"scaleY":0.08,"angle":319.97,"flipX":false,"flipY":false,"opacity":1,"shadow":null,"visible":true,"clipTo":null,"backgroundColor":"","fillRule":"nonzero","globalCompositeOperation":"source-over","name":"item_3","isrc":"http:\/\/localhost\/bulbandkey\/Dev\/media\/pdp\/images\/artworks\/Animal_svg\/print48.svg","price":"0.00","object_type":"shape","selectable":true,"evented":true,"paths":[{"type":"path","originX":"left","originY":"top","left":-1.23,"top":21.71,"width":544.59,"height":507.65,"fill":"#000","stroke":null,"strokeWidth":1,"strokeDashArray":null,"strokeLineCap":"butt","strokeLineJoin":"miter","strokeMiterLimit":10,"scaleX":1,"scaleY":1,"angle":0,"flipX":false,"flipY":false,"opacity":1,"shadow":null,"visible":true,"clipTo":null,"backgroundColor":"","fillRule":"nonzero","globalCompositeOperation":"source-over","selectable":true,"evented":true,"path":[["M",465.19,453.459],["c",14.749,67.688,-58.752,82.375,-91.127,73.562],["s",-98.41,-10.281,-98.41,-10.281],["s",-66.218,1.469,-98.593,10.281],["c",-32.375,8.874,-105.937,-5.875,-91.249,-73.562],["s",79.438,-64.75,97.186,-155.999],["c",17.687,-91.249,92.718,-85.374,92.718,-85.374],["s",74.847,-5.875,92.535,85.374],["C",385.875,388.709,450.502,385.771,465.19,453.459],["z"],["M",343.586,206.15],["c",39.841,11.505,83.844,-19.951,98.349,-70.258],["c",14.504,-50.245,-5.998,-100.307,-45.839,-111.812],["c",-39.842,-11.506,-83.844,19.951,-98.349,70.258],["C",283.243,144.583,303.745,194.645,343.586,206.15],["z"],["M",508.703,187.852],["c",-38.372,-15.668,-85.496,10.894,-105.264,59.363],["c",-19.768,48.471,-4.712,100.43,33.66,116.035],["c",38.372,15.606,85.496,-10.894,105.264,-59.364],["C",562.131,255.416,547.076,203.519,508.703,187.852],["z"],["M",207.416,206.15],["c",39.841,-11.506,60.343,-61.567,45.839,-111.812],["s",-58.568,-81.702,-98.349,-70.196],["c",-39.78,11.505,-60.343,61.566,-45.839,111.812],["C",123.572,186.199,167.575,217.655,207.416,206.15],["z"],["M",113.963,363.25],["c",38.373,-15.667,53.428,-67.626,33.66,-116.035],["s",-66.892,-75.031,-105.264,-59.363],["C",3.987,203.519,-11.068,255.478,8.7,303.886],["C",28.467,352.356,75.591,378.917,113.963,363.25],["z"]],"pathOffset":{"x":271.063511441,"y":275.531045488}}]},{"type":"path-group","originX":"left","originY":"top","left":285.86,"top":262.2,"width":551.06,"height":551.06,"fill":"#000","stroke":null,"strokeWidth":1,"strokeDashArray":null,"strokeLineCap":"butt","strokeLineJoin":"miter","strokeMiterLimit":10,"scaleX":0.08,"scaleY":0.08,"angle":319.97,"flipX":false,"flipY":false,"opacity":1,"shadow":null,"visible":true,"clipTo":null,"backgroundColor":"","fillRule":"nonzero","globalCompositeOperation":"source-over","name":"item_4","isrc":"http:\/\/localhost\/bulbandkey\/Dev\/media\/pdp\/images\/artworks\/Animal_svg\/print48.svg","price":"0.00","selectable":true,"evented":true,"paths":[{"type":"path","originX":"left","originY":"top","left":-1.23,"top":21.71,"width":544.59,"height":507.65,"fill":"#000","stroke":null,"strokeWidth":1,"strokeDashArray":null,"strokeLineCap":"butt","strokeLineJoin":"miter","strokeMiterLimit":10,"scaleX":1,"scaleY":1,"angle":0,"flipX":false,"flipY":false,"opacity":1,"shadow":null,"visible":true,"clipTo":null,"backgroundColor":"","fillRule":"nonzero","globalCompositeOperation":"source-over","selectable":true,"evented":true,"path":[["M",465.19,453.459],["c",14.749,67.688,-58.752,82.375,-91.127,73.562],["s",-98.41,-10.281,-98.41,-10.281],["s",-66.218,1.469,-98.593,10.281],["c",-32.375,8.874,-105.937,-5.875,-91.249,-73.562],["s",79.438,-64.75,97.186,-155.999],["c",17.687,-91.249,92.718,-85.374,92.718,-85.374],["s",74.847,-5.875,92.535,85.374],["C",385.875,388.709,450.502,385.771,465.19,453.459],["z"],["M",343.586,206.15],["c",39.841,11.505,83.844,-19.951,98.349,-70.258],["c",14.504,-50.245,-5.998,-100.307,-45.839,-111.812],["c",-39.842,-11.506,-83.844,19.951,-98.349,70.258],["C",283.243,144.583,303.745,194.645,343.586,206.15],["z"],["M",508.703,187.852],["c",-38.372,-15.668,-85.496,10.894,-105.264,59.363],["c",-19.768,48.471,-4.712,100.43,33.66,116.035],["c",38.372,15.606,85.496,-10.894,105.264,-59.364],["C",562.131,255.416,547.076,203.519,508.703,187.852],["z"],["M",207.416,206.15],["c",39.841,-11.506,60.343,-61.567,45.839,-111.812],["s",-58.568,-81.702,-98.349,-70.196],["c",-39.78,11.505,-60.343,61.566,-45.839,111.812],["C",123.572,186.199,167.575,217.655,207.416,206.15],["z"],["M",113.963,363.25],["c",38.373,-15.667,53.428,-67.626,33.66,-116.035],["s",-66.892,-75.031,-105.264,-59.363],["C",3.987,203.519,-11.068,255.478,8.7,303.886],["C",28.467,352.356,75.591,378.917,113.963,363.25],["z"]],"pathOffset":{"x":271.063511441,"y":275.531045488}}]},{"type":"path-group","originX":"left","originY":"top","left":245.86,"top":144.2,"width":551.06,"height":551.06,"fill":"#000","stroke":null,"strokeWidth":1,"strokeDashArray":null,"strokeLineCap":"butt","strokeLineJoin":"miter","strokeMiterLimit":10,"scaleX":0.08,"scaleY":0.08,"angle":319.97,"flipX":false,"flipY":false,"opacity":1,"shadow":null,"visible":true,"clipTo":null,"backgroundColor":"","fillRule":"nonzero","globalCompositeOperation":"source-over","name":"item_5","isrc":"http:\/\/localhost\/bulbandkey\/Dev\/media\/pdp\/images\/artworks\/Animal_svg\/print48.svg","price":"0.00","selectable":true,"evented":true,"paths":[{"type":"path","originX":"left","originY":"top","left":-1.23,"top":21.71,"width":544.59,"height":507.65,"fill":"#000","stroke":null,"strokeWidth":1,"strokeDashArray":null,"strokeLineCap":"butt","strokeLineJoin":"miter","strokeMiterLimit":10,"scaleX":1,"scaleY":1,"angle":0,"flipX":false,"flipY":false,"opacity":1,"shadow":null,"visible":true,"clipTo":null,"backgroundColor":"","fillRule":"nonzero","globalCompositeOperation":"source-over","selectable":true,"evented":true,"path":[["M",465.19,453.459],["c",14.749,67.688,-58.752,82.375,-91.127,73.562],["s",-98.41,-10.281,-98.41,-10.281],["s",-66.218,1.469,-98.593,10.281],["c",-32.375,8.874,-105.937,-5.875,-91.249,-73.562],["s",79.438,-64.75,97.186,-155.999],["c",17.687,-91.249,92.718,-85.374,92.718,-85.374],["s",74.847,-5.875,92.535,85.374],["C",385.875,388.709,450.502,385.771,465.19,453.459],["z"],["M",343.586,206.15],["c",39.841,11.505,83.844,-19.951,98.349,-70.258],["c",14.504,-50.245,-5.998,-100.307,-45.839,-111.812],["c",-39.842,-11.506,-83.844,19.951,-98.349,70.258],["C",283.243,144.583,303.745,194.645,343.586,206.15],["z"],["M",508.703,187.852],["c",-38.372,-15.668,-85.496,10.894,-105.264,59.363],["c",-19.768,48.471,-4.712,100.43,33.66,116.035],["c",38.372,15.606,85.496,-10.894,105.264,-59.364],["C",562.131,255.416,547.076,203.519,508.703,187.852],["z"],["M",207.416,206.15],["c",39.841,-11.506,60.343,-61.567,45.839,-111.812],["s",-58.568,-81.702,-98.349,-70.196],["c",-39.78,11.505,-60.343,61.566,-45.839,111.812],["C",123.572,186.199,167.575,217.655,207.416,206.15],["z"],["M",113.963,363.25],["c",38.373,-15.667,53.428,-67.626,33.66,-116.035],["s",-66.892,-75.031,-105.264,-59.363],["C",3.987,203.519,-11.068,255.478,8.7,303.886],["C",28.467,352.356,75.591,378.917,113.963,363.25],["z"]],"pathOffset":{"x":271.063511441,"y":275.531045488}}]}],"background":"","overlayImage":{"type":"image","originX":"left","originY":"top","left":0,"top":0,"width":450,"height":450,"fill":"rgb(0,0,0)","stroke":null,"strokeWidth":1,"strokeDashArray":null,"strokeLineCap":"butt","strokeLineJoin":"miter","strokeMiterLimit":10,"scaleX":1,"scaleY":1,"angle":0,"flipX":false,"flipY":false,"opacity":1,"shadow":null,"visible":true,"clipTo":null,"backgroundColor":"","fillRule":"nonzero","globalCompositeOperation":"source-over","src":"http:\/\/localhost\/bulbandkey\/Dev\/media\/pdp\/images\/overlay1473481857.png","filters":[],"crossOrigin":"","alignX":"none","alignY":"none","meetOrSlice":"meet"},"scale":1},"final_price":"1.00"},"3":{"id":"3","product_id":"6","label":"Back","color_id":"0","inlay_w":"450","inlay_h":"450","inlay_t":"0","inlay_l":"0","filename":"filename1471614544.png","position":"0","status":"1","price":"0.00","overlay":"overlay1471614544.png","color_code":"","color_name":"","background_type":"image","canvassize":"custom_size","canvaswidth":"450","canvasheight":"450","use_mask":"1","thumbnail":"resize\/resize_filename1471614544.png","final_price":0}}