{"2":{"id":"2","product_id":"6","label":"T-Shirt Front","color_id":"0","inlay_w":"1300","inlay_h":"703","inlay_t":"0","inlay_l":"0","filename":"filename1469209791.jpg","position":"0","status":"1","price":"0.00","overlay":"","color_code":"","color_name":"","background_type":"image","canvassize":"1510x1947","canvaswidth":"1510","canvasheight":"1947","use_mask":"2","thumbnail":"resize\/resize_filename1469209791.jpg","background_path":"http:\/\/localhost\/bulbandkey\/Dev\/media\/pdp\/images\/filename1469209791.jpg","sideSvg":"<?xml version=\"1.0\" encoding=\"UTF-8\" standalone=\"no\" ?><!DOCTYPE svg PUBLIC \"-\/\/W3C\/\/DTD SVG 1.1\/\/EN\" \"http:\/\/www.w3.org\/Graphics\/SVG\/1.1\/DTD\/svg11.dtd\">\n<svg xmlns=\"http:\/\/www.w3.org\/2000\/svg\" xmlns:xlink=\"http:\/\/www.w3.org\/1999\/xlink\" version=\"1.1\" width=\"100%\" height=\"100%\" viewBox=\"0 0 1510 1947\" xml:space=\"preserve\"><desc>Created with Fabric.js 1.5.0<\/desc><defs><\/defs><rect x=\"-210.5\" y=\"-271.5\" rx=\"0\" ry=\"0\" width=\"421\" height=\"543\" style=\"stroke: none; stroke-width: 1; stroke-dasharray: ; stroke-linecap: butt; stroke-linejoin: miter; stroke-miterlimit: 10; fill: #ffffff; fill-rule: nonzero; opacity: 1;\" transform=\"translate(754.26 972.83) scale(3.58 3.58)\"\/>\n<g transform=\"translate(754.26 972.83) scale(3.58 3.58)\">\n<image xlink:href=\"http:\/\/localhost\/bulbandkey\/Dev\/media\/pdp\/images\/filename1469209791.jpg\" x=\"-210.5\" y=\"-271.5\" style=\"stroke: none; stroke-width: 1; stroke-dasharray: ; stroke-linecap: butt; stroke-linejoin: miter; stroke-miterlimit: 10; fill: rgb(0,0,0); fill-rule: nonzero; opacity: 1;\" width=\"421\" height=\"543\" preserveAspectRatio=\"xMinYMin slice\"><\/image>\n<\/g>\n<g style=\"stroke: none; stroke-width: 1; stroke-dasharray: ; stroke-linecap: butt; stroke-linejoin: miter; stroke-miterlimit: 10; fill: #9b0f33; fill-rule: nonzero; opacity: 1;\" transform=\"translate(509.9582914559998 524.362678272) scale(24.26 24.26)\" >\n<path d=\"M 11.939 8.819 c -0.42 -0.06 -0.834 -0.104 -1.239 -0.136 c -0.914 1.908 -1.53 3.981 -1.794 6.168 c 2.799 -0.01 7.457 1.146 8.943 8.518 c 0.731 3.649 2.479 5.508 5.408 5.713 c 2.418 -1.377 4.426 -3.386 5.809 -5.797 C 26.671 15.833 20.206 10.006 11.939 8.819 z\" style=\"stroke: none; stroke-width: 1; stroke-dasharray: ; stroke-linecap: butt; stroke-linejoin: miter; stroke-miterlimit: 10; fill: #9b0f33; fill-rule: nonzero; opacity: 1;\" transform=\"\" stroke-linecap=\"round\" \/>\n<path d=\"M 7.483 16.269 c -2.133 0.324 -3.621 1.168 -4.422 2.504 c -1.134 1.89 -0.675 4.371 -0.339 5.58 c 2.164 3.154 5.462 5.472 9.307 6.363 c -2.882 -3.611 -4.57 -8.258 -4.57 -13.457 C 7.458 16.927 7.469 16.599 7.483 16.269 z\" style=\"stroke: none; stroke-width: 1; stroke-dasharray: ; stroke-linecap: butt; stroke-linejoin: miter; stroke-miterlimit: 10; fill: #9b0f33; fill-rule: nonzero; opacity: 1;\" transform=\"\" stroke-linecap=\"round\" \/>\n<path d=\"M 9.932 7.334 c 0.589 -1.104 1.269 -2.152 2.038 -3.134 c -1.835 -0.64 -2.397 -1.984 -2.453 -2.979 C 5.762 2.808 2.754 5.825 1.188 9.595 C 3.576 8.108 6.31 7.323 9.321 7.323 C 9.522 7.325 9.728 7.33 9.932 7.334 z\" style=\"stroke: none; stroke-width: 1; stroke-dasharray: ; stroke-linecap: butt; stroke-linejoin: miter; stroke-miterlimit: 10; fill: #9b0f33; fill-rule: nonzero; opacity: 1;\" transform=\"\" stroke-linecap=\"round\" \/>\n<path d=\"M 7.586 14.941 c 0.244 -2.226 0.833 -4.35 1.712 -6.316 c -3.495 0.007 -6.413 1.1 -8.791 2.99 C 0.175 12.874 0 14.196 0 15.562 c 0 1.98 0.37 3.879 1.045 5.625 c 0.06 -1.024 0.309 -2.098 0.894 -3.08 C 2.989 16.355 4.891 15.291 7.586 14.941 z\" style=\"stroke: none; stroke-width: 1; stroke-dasharray: ; stroke-linecap: butt; stroke-linejoin: miter; stroke-miterlimit: 10; fill: #9b0f33; fill-rule: nonzero; opacity: 1;\" transform=\"\" stroke-linecap=\"round\" \/>\n<path d=\"M 12.888 3.112 c 1.029 -1.149 2.184 -2.187 3.439 -3.087 c -0.256 -0.013 -0.513 -0.02 -0.767 -0.02 c -2.982 0 -4.725 0.814 -4.725 0.814 C 10.804 1.003 10.618 2.593 12.888 3.112 z\" style=\"stroke: none; stroke-width: 1; stroke-dasharray: ; stroke-linecap: butt; stroke-linejoin: miter; stroke-miterlimit: 10; fill: #9b0f33; fill-rule: nonzero; opacity: 1;\" transform=\"\" stroke-linecap=\"round\" \/>\n<path d=\"M 28.184 6.471 l -0.027 0.019 c -2.914 -3.642 -7.619 -1.747 -7.668 -1.728 c -1.279 0.53 -3.613 0.456 -7.125 -0.224 c -0.751 0.9 -1.424 1.869 -2.008 2.898 c 0.254 0.026 0.512 0.056 0.772 0.093 c 5.934 0.851 11.178 3.966 14.771 8.761 c 1.25 1.67 2.248 3.474 2.979 5.364 c 0.8 -1.87 1.24 -3.932 1.24 -6.092 C 31.115 12.167 30.029 9.027 28.184 6.471 z\" style=\"stroke: none; stroke-width: 1; stroke-dasharray: ; stroke-linecap: butt; stroke-linejoin: miter; stroke-miterlimit: 10; fill: #9b0f33; fill-rule: nonzero; opacity: 1;\" transform=\"\" stroke-linecap=\"round\" \/>\n<path d=\"M 19.99 3.56 c 1.086 -0.452 2.943 -0.836 4.865 -0.47 c -1.889 -1.416 -4.113 -2.403 -6.529 -2.839 c -1.447 0.883 -2.771 1.944 -3.946 3.154 C 17.811 4.004 19.324 3.835 19.99 3.56 z\" style=\"stroke: none; stroke-width: 1; stroke-dasharray: ; stroke-linecap: butt; stroke-linejoin: miter; stroke-miterlimit: 10; fill: #9b0f33; fill-rule: nonzero; opacity: 1;\" transform=\"\" stroke-linecap=\"round\" \/>\n<path d=\"M 16.574 23.626 c -1.293 -6.422 -5.12 -7.531 -7.781 -7.479 c -0.021 0.367 -0.031 0.735 -0.031 1.106 c 0 5.353 1.922 10.207 5.259 13.783 c 0.506 0.047 1.02 0.075 1.541 0.075 c 2.023 0 3.961 -0.387 5.739 -1.092 C 18.85 29.208 17.266 27.07 16.574 23.626 z\" style=\"stroke: none; stroke-width: 1; stroke-dasharray: ; stroke-linecap: butt; stroke-linejoin: miter; stroke-miterlimit: 10; fill: #9b0f33; fill-rule: nonzero; opacity: 1;\" transform=\"\" stroke-linecap=\"round\" \/>\n<\/g>\n<\/svg>","json":{"objects":[{"type":"rect","originX":"left","originY":"top","left":0,"top":0,"width":421,"height":543,"fill":"#ffffff","stroke":null,"strokeWidth":1,"strokeDashArray":null,"strokeLineCap":"butt","strokeLineJoin":"miter","strokeMiterLimit":10,"scaleX":3.58,"scaleY":3.58,"angle":0,"flipX":false,"flipY":false,"opacity":1,"shadow":null,"visible":true,"clipTo":null,"backgroundColor":"","fillRule":"nonzero","globalCompositeOperation":"source-over","object_type":"background_color","selectable":false,"evented":false,"rx":0,"ry":0},{"type":"image","originX":"left","originY":"top","left":0,"top":0,"width":421,"height":543,"fill":"rgb(0,0,0)","stroke":null,"strokeWidth":1,"strokeDashArray":null,"strokeLineCap":"butt","strokeLineJoin":"miter","strokeMiterLimit":10,"scaleX":3.58,"scaleY":3.58,"angle":0,"flipX":false,"flipY":false,"opacity":1,"shadow":null,"visible":true,"clipTo":null,"backgroundColor":"","fillRule":"nonzero","globalCompositeOperation":"source-over","isrc":"http:\/\/localhost\/bulbandkey\/Dev\/media\/pdp\/images\/filename1469209791.jpg","price":0,"object_type":"background","selectable":false,"evented":false,"src":"http:\/\/localhost\/bulbandkey\/Dev\/media\/pdp\/images\/filename1469209791.jpg","filters":[],"crossOrigin":"","alignX":"min","alignY":"min","meetOrSlice":"slice"},{"type":"path-group","originX":"left","originY":"top","left":509.96,"top":524.36,"width":31.12,"height":31.12,"fill":"#9b0f33","stroke":null,"strokeWidth":1,"strokeDashArray":null,"strokeLineCap":"butt","strokeLineJoin":"miter","strokeMiterLimit":10,"scaleX":24.26,"scaleY":24.26,"angle":0,"flipX":false,"flipY":false,"opacity":1,"shadow":null,"visible":true,"clipTo":null,"backgroundColor":"","fillRule":"nonzero","globalCompositeOperation":"source-over","name":"item_1","isrc":"http:\/\/localhost\/bulbandkey\/Dev\/media\/pdp\/images\/artworks\/Sport_svg\/basketball32.svg","price":"0.00","object_type":"shape","selectable":true,"evented":true,"paths":[{"type":"path","originX":"left","originY":"top","left":8.91,"top":8.68,"width":20.16,"height":20.4,"fill":"#9b0f33","stroke":null,"strokeWidth":1,"strokeDashArray":null,"strokeLineCap":"butt","strokeLineJoin":"miter","strokeMiterLimit":10,"scaleX":1,"scaleY":1,"angle":0,"flipX":false,"flipY":false,"opacity":1,"shadow":null,"visible":true,"clipTo":null,"backgroundColor":"","fillRule":"nonzero","globalCompositeOperation":"source-over","selectable":true,"evented":true,"path":[["M",11.939,8.819],["c",-0.42,-0.06,-0.834,-0.104,-1.239,-0.136],["c",-0.914,1.908,-1.53,3.981,-1.794,6.168],["c",2.799,-0.01,7.457,1.146,8.943,8.518],["c",0.731,3.649,2.479,5.508,5.408,5.713],["c",2.418,-1.377,4.426,-3.386,5.809,-5.797],["C",26.671,15.833,20.206,10.006,11.939,8.819],["z"]],"pathOffset":{"x":18.986,"y":18.8825}},{"type":"path","originX":"left","originY":"top","left":2.34,"top":16.27,"width":9.69,"height":14.45,"fill":"#9b0f33","stroke":null,"strokeWidth":1,"strokeDashArray":null,"strokeLineCap":"butt","strokeLineJoin":"miter","strokeMiterLimit":10,"scaleX":1,"scaleY":1,"angle":0,"flipX":false,"flipY":false,"opacity":1,"shadow":null,"visible":true,"clipTo":null,"backgroundColor":"","fillRule":"nonzero","globalCompositeOperation":"source-over","selectable":true,"evented":true,"path":[["M",7.483,16.269],["c",-2.133,0.324,-3.621,1.168,-4.422,2.504],["c",-1.134,1.89,-0.675,4.371,-0.339,5.58],["c",2.164,3.154,5.462,5.472,9.307,6.363],["c",-2.882,-3.611,-4.57,-8.258,-4.57,-13.457],["C",7.458,16.927,7.469,16.599,7.483,16.269],["z"]],"pathOffset":{"x":7.18417286036,"y":23.4925}},{"type":"path","originX":"left","originY":"top","left":1.19,"top":1.22,"width":10.78,"height":8.37,"fill":"#9b0f33","stroke":null,"strokeWidth":1,"strokeDashArray":null,"strokeLineCap":"butt","strokeLineJoin":"miter","strokeMiterLimit":10,"scaleX":1,"scaleY":1,"angle":0,"flipX":false,"flipY":false,"opacity":1,"shadow":null,"visible":true,"clipTo":null,"backgroundColor":"","fillRule":"nonzero","globalCompositeOperation":"source-over","selectable":true,"evented":true,"path":[["M",9.932,7.334],["c",0.589,-1.104,1.269,-2.152,2.038,-3.134],["c",-1.835,-0.64,-2.397,-1.984,-2.453,-2.979],["C",5.762,2.808,2.754,5.825,1.188,9.595],["C",3.576,8.108,6.31,7.323,9.321,7.323],["C",9.522,7.325,9.728,7.33,9.932,7.334],["z"]],"pathOffset":{"x":6.579,"y":5.408}},{"type":"path","originX":"left","originY":"top","left":0,"top":8.63,"width":9.3,"height":12.56,"fill":"#9b0f33","stroke":null,"strokeWidth":1,"strokeDashArray":null,"strokeLineCap":"butt","strokeLineJoin":"miter","strokeMiterLimit":10,"scaleX":1,"scaleY":1,"angle":0,"flipX":false,"flipY":false,"opacity":1,"shadow":null,"visible":true,"clipTo":null,"backgroundColor":"","fillRule":"nonzero","globalCompositeOperation":"source-over","selectable":true,"evented":true,"path":[["M",7.586,14.941],["c",0.244,-2.226,0.833,-4.35,1.712,-6.316],["c",-3.495,0.007,-6.413,1.1,-8.791,2.99],["C",0.175,12.874,0,14.196,0,15.562],["c",0,1.98,0.37,3.879,1.045,5.625],["c",0.06,-1.024,0.309,-2.098,0.894,-3.08],["C",2.989,16.355,4.891,15.291,7.586,14.941],["z"]],"pathOffset":{"x":4.649,"y":14.906}},{"type":"path","originX":"left","originY":"top","left":10.83,"top":0,"width":5.49,"height":3.11,"fill":"#9b0f33","stroke":null,"strokeWidth":1,"strokeDashArray":null,"strokeLineCap":"butt","strokeLineJoin":"miter","strokeMiterLimit":10,"scaleX":1,"scaleY":1,"angle":0,"flipX":false,"flipY":false,"opacity":1,"shadow":null,"visible":true,"clipTo":null,"backgroundColor":"","fillRule":"nonzero","globalCompositeOperation":"source-over","selectable":true,"evented":true,"path":[["M",12.888,3.112],["c",1.029,-1.149,2.184,-2.187,3.439,-3.087],["c",-0.256,-0.013,-0.513,-0.02,-0.767,-0.02],["c",-2.982,0,-4.725,0.814,-4.725,0.814],["C",10.804,1.003,10.618,2.593,12.888,3.112],["z"]],"pathOffset":{"x":13.581,"y":1.5585}},{"type":"path","originX":"left","originY":"top","left":11.36,"top":4.25,"width":19.76,"height":17.4,"fill":"#9b0f33","stroke":null,"strokeWidth":1,"strokeDashArray":null,"strokeLineCap":"butt","strokeLineJoin":"miter","strokeMiterLimit":10,"scaleX":1,"scaleY":1,"angle":0,"flipX":false,"flipY":false,"opacity":1,"shadow":null,"visible":true,"clipTo":null,"backgroundColor":"","fillRule":"nonzero","globalCompositeOperation":"source-over","selectable":true,"evented":true,"path":[["M",28.184,6.471],["l",-0.027,0.019],["c",-2.914,-3.642,-7.619,-1.747,-7.668,-1.728],["c",-1.279,0.53,-3.613,0.456,-7.125,-0.224],["c",-0.751,0.9,-1.424,1.869,-2.008,2.898],["c",0.254,0.026,0.512,0.056,0.772,0.093],["c",5.934,0.851,11.178,3.966,14.771,8.761],["c",1.25,1.67,2.248,3.474,2.979,5.364],["c",0.8,-1.87,1.24,-3.932,1.24,-6.092],["C",31.115,12.167,30.029,9.027,28.184,6.471],["z"]],"pathOffset":{"x":21.237,"y":12.9532107277}},{"type":"path","originX":"left","originY":"top","left":14.38,"top":0.25,"width":10.47,"height":3.58,"fill":"#9b0f33","stroke":null,"strokeWidth":1,"strokeDashArray":null,"strokeLineCap":"butt","strokeLineJoin":"miter","strokeMiterLimit":10,"scaleX":1,"scaleY":1,"angle":0,"flipX":false,"flipY":false,"opacity":1,"shadow":null,"visible":true,"clipTo":null,"backgroundColor":"","fillRule":"nonzero","globalCompositeOperation":"source-over","selectable":true,"evented":true,"path":[["M",19.99,3.56],["c",1.086,-0.452,2.943,-0.836,4.865,-0.47],["c",-1.889,-1.416,-4.113,-2.403,-6.529,-2.839],["c",-1.447,0.883,-2.771,1.944,-3.946,3.154],["C",17.811,4.004,19.324,3.835,19.99,3.56],["z"]],"pathOffset":{"x":19.6175,"y":2.04212604495}},{"type":"path","originX":"left","originY":"top","left":8.76,"top":16.15,"width":12.54,"height":14.97,"fill":"#9b0f33","stroke":null,"strokeWidth":1,"strokeDashArray":null,"strokeLineCap":"butt","strokeLineJoin":"miter","strokeMiterLimit":10,"scaleX":1,"scaleY":1,"angle":0,"flipX":false,"flipY":false,"opacity":1,"shadow":null,"visible":true,"clipTo":null,"backgroundColor":"","fillRule":"nonzero","globalCompositeOperation":"source-over","selectable":true,"evented":true,"path":[["M",16.574,23.626],["c",-1.293,-6.422,-5.12,-7.531,-7.781,-7.479],["c",-0.021,0.367,-0.031,0.735,-0.031,1.106],["c",0,5.353,1.922,10.207,5.259,13.783],["c",0.506,0.047,1.02,0.075,1.541,0.075],["c",2.023,0,3.961,-0.387,5.739,-1.092],["C",18.85,29.208,17.266,27.07,16.574,23.626],["z"]],"pathOffset":{"x":15.0315,"y":23.628148633}}]}],"background":"","scale":0.279081647234},"final_price":"0.00"}}