{"4":{"id":"4","product_id":"9","label":"T-Shirt Front","color_id":"0","inlay_w":"500","inlay_h":"500","inlay_t":"0","inlay_l":"0","filename":"filename1479913454.png","position":"0","status":"1","price":"0.00","overlay":"overlay1479913337.png","color_code":"ffffff","color_name":"White","background_type":"image","canvassize":"custom_size","canvaswidth":"500","canvasheight":"500","use_mask":"1","thumbnail":"resize\/resize_filename1479913454.png","background_path":"http:\/\/localhost\/bulbandkey\/Dev\/media\/pdp\/images\/filename1479913454.png","final_price":0},"5":{"id":"5","product_id":"9","label":"Back","color_id":"0","inlay_w":"500","inlay_h":"500","inlay_t":"0","inlay_l":"0","filename":"filename1479913350.png","position":"0","status":"1","price":"0.00","overlay":"overlay1479913351.png","color_code":"","color_name":"","background_type":"image","canvassize":"custom_size","canvaswidth":"450","canvasheight":"450","use_mask":"1","thumbnail":"resize\/resize_filename1479913350.png","final_price":0}}