{"2":{"id":"2","product_id":"6","label":"T-Shirt Front","color_id":"0","inlay_w":"522","inlay_h":"500","inlay_t":"0","inlay_l":"0","filename":"filename1473481857.png","position":"0","status":"1","price":"0.00","overlay":"overlay1473481857.png","color_code":"ffffff","color_name":"White","background_type":"image","canvassize":"custom_size","canvaswidth":"450","canvasheight":"450","use_mask":"1","thumbnail":"resize\/resize_filename1473481857.png","background_path":"http:\/\/localhost\/bulbandkey\/Dev\/media\/pdp\/images\/filename1473481857.png","sideSvg":"<?xml version=\"1.0\" encoding=\"UTF-8\" standalone=\"no\" ?><!DOCTYPE svg PUBLIC \"-\/\/W3C\/\/DTD SVG 1.1\/\/EN\" \"http:\/\/www.w3.org\/Graphics\/SVG\/1.1\/DTD\/svg11.dtd\">\n<svg xmlns=\"http:\/\/www.w3.org\/2000\/svg\" xmlns:xlink=\"http:\/\/www.w3.org\/1999\/xlink\" version=\"1.1\" width=\"100%\" height=\"100%\" viewBox=\"0 0 450 450\" xml:space=\"preserve\"><desc>Created with Fabric.js 1.5.0<\/desc><defs><\/defs><rect x=\"-225\" y=\"-225\" rx=\"0\" ry=\"0\" width=\"450\" height=\"450\" style=\"stroke: none; stroke-width: 1; stroke-dasharray: ; stroke-linecap: butt; stroke-linejoin: miter; stroke-miterlimit: 10; fill: #ffffff; fill-rule: nonzero; opacity: 1;\" transform=\"translate(225 225)\"\/>\n<g transform=\"translate(225 225)\">\n<image xlink:href=\"http:\/\/localhost\/bulbandkey\/Dev\/media\/pdp\/images\/filename1473481857.png\" x=\"-225\" y=\"-225\" style=\"stroke: none; stroke-width: 1; stroke-dasharray: ; stroke-linecap: butt; stroke-linejoin: miter; stroke-miterlimit: 10; fill: rgb(0,0,0); fill-rule: nonzero; opacity: 1;\" width=\"450\" height=\"450\" preserveAspectRatio=\"xMinYMin slice\"><\/image>\n<\/g>\n<g transform=\"translate(172.38 114.27)\">\t<g transform=\"translate(-47.41 27.45) rotate(-68.79)\">\n\t\t<text font-family=\"Arial\" font-size=\"72\" font-weight=\"normal\" style=\"stroke: none; stroke-width: 1; stroke-dasharray: ; stroke-linecap: butt; stroke-linejoin: miter; stroke-miterlimit: 10; fill: #000; fill-rule: nonzero; opacity: 1;\" ><tspan x=\"-18\" y=\"16.1712\" fill=\"#000\">c<\/tspan><\/text>\n\t<\/g>\n\t<g transform=\"translate(-34.65 4.66) rotate(-38.41)\">\n\t\t<text font-family=\"Arial\" font-size=\"72\" font-weight=\"normal\" style=\"stroke: none; stroke-width: 1; stroke-dasharray: ; stroke-linecap: butt; stroke-linejoin: miter; stroke-miterlimit: 10; fill: #000; fill-rule: nonzero; opacity: 1;\" ><tspan x=\"-20.0215\" y=\"16.1712\" fill=\"#000\">u<\/tspan><\/text>\n\t<\/g>\n\t<g transform=\"translate(-15.93 -9.78) rotate(-11.47)\">\n\t\t<text font-family=\"Arial\" font-size=\"72\" font-weight=\"normal\" style=\"stroke: none; stroke-width: 1; stroke-dasharray: ; stroke-linecap: butt; stroke-linejoin: miter; stroke-miterlimit: 10; fill: #000; fill-rule: nonzero; opacity: 1;\" ><tspan x=\"-11.9883\" y=\"16.1712\" fill=\"#000\">r<\/tspan><\/text>\n\t<\/g>\n\t<g transform=\"translate(6.67 -11.17) rotate(14.3)\">\n\t\t<text font-family=\"Arial\" font-size=\"72\" font-weight=\"normal\" style=\"stroke: none; stroke-width: 1; stroke-dasharray: ; stroke-linecap: butt; stroke-linejoin: miter; stroke-miterlimit: 10; fill: #000; fill-rule: nonzero; opacity: 1;\" ><tspan x=\"-18\" y=\"16.1712\" fill=\"#000\">v<\/tspan><\/text>\n\t<\/g>\n\t<g transform=\"translate(30.83 -1.25) rotate(44.68)\">\n\t\t<text font-family=\"Arial\" font-size=\"72\" font-weight=\"normal\" style=\"stroke: none; stroke-width: 1; stroke-dasharray: ; stroke-linecap: butt; stroke-linejoin: miter; stroke-miterlimit: 10; fill: #000; fill-rule: nonzero; opacity: 1;\" ><tspan x=\"-20.0215\" y=\"16.1712\" fill=\"#000\">e<\/tspan><\/text>\n\t<\/g>\n\t<g transform=\"translate(47.36 20.02) rotate(76.22)\">\n\t\t<text font-family=\"Arial\" font-size=\"72\" font-weight=\"normal\" style=\"stroke: none; stroke-width: 1; stroke-dasharray: ; stroke-linecap: butt; stroke-linejoin: miter; stroke-miterlimit: 10; fill: #000; fill-rule: nonzero; opacity: 1;\" ><tspan x=\"-20.0215\" y=\"16.1712\" fill=\"#000\">d<\/tspan><\/text>\n\t<\/g>\n<\/g><g transform=\"translate(280.05 138.01)\">\t<g transform=\"translate(-133.73 0)\">\n\t\t<text font-family=\"Arial\" font-size=\"36\" font-weight=\"normal\" style=\"stroke: none; stroke-width: 1; stroke-dasharray: ; stroke-linecap: butt; stroke-linejoin: miter; stroke-miterlimit: 10; fill: #000; fill-rule: nonzero; opacity: 1;\" ><tspan x=\"-12.0059\" y=\"8.0856\" fill=\"#000\">A<\/tspan><\/text>\n\t<\/g>\n\t<g transform=\"translate(-109.71 0)\">\n\t\t<text font-family=\"Arial\" font-size=\"43.2\" font-weight=\"normal\" style=\"stroke: none; stroke-width: 1; stroke-dasharray: ; stroke-linecap: butt; stroke-linejoin: miter; stroke-miterlimit: 10; fill: #000; fill-rule: nonzero; opacity: 1;\" ><tspan x=\"-12.0129\" y=\"9.7027\" fill=\"#000\">d<\/tspan><\/text>\n\t<\/g>\n\t<g transform=\"translate(-83.68 0)\">\n\t\t<text font-family=\"Arial\" font-size=\"50.4\" font-weight=\"normal\" style=\"stroke: none; stroke-width: 1; stroke-dasharray: ; stroke-linecap: butt; stroke-linejoin: miter; stroke-miterlimit: 10; fill: #000; fill-rule: nonzero; opacity: 1;\" ><tspan x=\"-14.015\" y=\"11.3198\" fill=\"#000\">d<\/tspan><\/text>\n\t<\/g>\n\t<g transform=\"translate(-61.67 0)\">\n\t\t<text font-family=\"Arial\" font-size=\"57.6\" font-weight=\"normal\" style=\"stroke: none; stroke-width: 1; stroke-dasharray: ; stroke-linecap: butt; stroke-linejoin: miter; stroke-miterlimit: 10; fill: #000; fill-rule: nonzero; opacity: 1;\" ><tspan x=\"-8.0016\" y=\"12.937\" fill=\"#000\"> <\/tspan><\/text>\n\t<\/g>\n\t<g transform=\"translate(-35.64 0)\">\n\t\t<text font-family=\"Arial\" font-size=\"64.8\" font-weight=\"normal\" style=\"stroke: none; stroke-width: 1; stroke-dasharray: ; stroke-linecap: butt; stroke-linejoin: miter; stroke-miterlimit: 10; fill: #000; fill-rule: nonzero; opacity: 1;\" ><tspan x=\"-18.0193\" y=\"14.5541\" fill=\"#000\">h<\/tspan><\/text>\n\t<\/g>\n\t<g transform=\"translate(2.4 0)\">\n\t\t<text font-family=\"Arial\" font-size=\"72\" font-weight=\"normal\" style=\"stroke: none; stroke-width: 1; stroke-dasharray: ; stroke-linecap: butt; stroke-linejoin: miter; stroke-miterlimit: 10; fill: #000; fill-rule: nonzero; opacity: 1;\" ><tspan x=\"-20.0215\" y=\"16.1712\" fill=\"#000\">e<\/tspan><\/text>\n\t<\/g>\n\t<g transform=\"translate(40.44 0)\">\n\t\t<text font-family=\"Arial\" font-size=\"64.8\" font-weight=\"normal\" style=\"stroke: none; stroke-width: 1; stroke-dasharray: ; stroke-linecap: butt; stroke-linejoin: miter; stroke-miterlimit: 10; fill: #000; fill-rule: nonzero; opacity: 1;\" ><tspan x=\"-18.0193\" y=\"14.5541\" fill=\"#000\">a<\/tspan><\/text>\n\t<\/g>\n\t<g transform=\"translate(74.47 0)\">\n\t\t<text font-family=\"Arial\" font-size=\"57.6\" font-weight=\"normal\" style=\"stroke: none; stroke-width: 1; stroke-dasharray: ; stroke-linecap: butt; stroke-linejoin: miter; stroke-miterlimit: 10; fill: #000; fill-rule: nonzero; opacity: 1;\" ><tspan x=\"-16.0172\" y=\"12.937\" fill=\"#000\">d<\/tspan><\/text>\n\t<\/g>\n\t<g transform=\"translate(96.09 0)\">\n\t\t<text font-family=\"Arial\" font-size=\"50.4\" font-weight=\"normal\" style=\"stroke: none; stroke-width: 1; stroke-dasharray: ; stroke-linecap: butt; stroke-linejoin: miter; stroke-miterlimit: 10; fill: #000; fill-rule: nonzero; opacity: 1;\" ><tspan x=\"-5.5986\" y=\"11.3198\" fill=\"#000\">i<\/tspan><\/text>\n\t<\/g>\n\t<g transform=\"translate(113.7 0)\">\n\t\t<text font-family=\"Arial\" font-size=\"43.2\" font-weight=\"normal\" style=\"stroke: none; stroke-width: 1; stroke-dasharray: ; stroke-linecap: butt; stroke-linejoin: miter; stroke-miterlimit: 10; fill: #000; fill-rule: nonzero; opacity: 1;\" ><tspan x=\"-12.0129\" y=\"9.7027\" fill=\"#000\">n<\/tspan><\/text>\n\t<\/g>\n\t<g transform=\"translate(135.72 0)\">\n\t\t<text font-family=\"Arial\" font-size=\"36\" font-weight=\"normal\" style=\"stroke: none; stroke-width: 1; stroke-dasharray: ; stroke-linecap: butt; stroke-linejoin: miter; stroke-miterlimit: 10; fill: #000; fill-rule: nonzero; opacity: 1;\" ><tspan x=\"-10.0107\" y=\"8.0856\" fill=\"#000\">g<\/tspan><\/text>\n\t<\/g>\n<\/g><g transform=\"translate(197.68 228.75)\">\t<g transform=\"translate(-90.28 0)\">\n\t\t<text font-family=\"Arial\" font-size=\"36\" font-weight=\"normal\" style=\"stroke: none; stroke-width: 1; stroke-dasharray: ; stroke-linecap: butt; stroke-linejoin: miter; stroke-miterlimit: 10; fill: #000; fill-rule: nonzero; opacity: 1;\" ><tspan x=\"-12.0059\" y=\"8.0856\" fill=\"#000\">A<\/tspan><\/text>\n\t<\/g>\n\t<g transform=\"translate(-68.98 0)\">\n\t\t<text font-family=\"Arial\" font-size=\"33.42857142857143\" font-weight=\"normal\" style=\"stroke: none; stroke-width: 1; stroke-dasharray: ; stroke-linecap: butt; stroke-linejoin: miter; stroke-miterlimit: 10; fill: #000; fill-rule: nonzero; opacity: 1;\" ><tspan x=\"-9.2933\" y=\"7.5081\" fill=\"#000\">d<\/tspan><\/text>\n\t<\/g>\n\t<g transform=\"translate(-51.11 0)\">\n\t\t<text font-family=\"Arial\" font-size=\"30.857142857142858\" font-weight=\"normal\" style=\"stroke: none; stroke-width: 1; stroke-dasharray: ; stroke-linecap: butt; stroke-linejoin: miter; stroke-miterlimit: 10; fill: #000; fill-rule: nonzero; opacity: 1;\" ><tspan x=\"-8.5786\" y=\"6.9305\" fill=\"#000\">d<\/tspan><\/text>\n\t<\/g>\n\t<g transform=\"translate(-38.6 0)\">\n\t\t<text font-family=\"Arial\" font-size=\"28.285714285714285\" font-weight=\"normal\" style=\"stroke: none; stroke-width: 1; stroke-dasharray: ; stroke-linecap: butt; stroke-linejoin: miter; stroke-miterlimit: 10; fill: #000; fill-rule: nonzero; opacity: 1;\" ><tspan x=\"-3.9285\" y=\"6.353\" fill=\"#000\"> <\/tspan><\/text>\n\t<\/g>\n\t<g transform=\"translate(-28.25 0)\">\n\t\t<text font-family=\"Arial\" font-size=\"25.714285714285715\" font-weight=\"normal\" style=\"stroke: none; stroke-width: 1; stroke-dasharray: ; stroke-linecap: butt; stroke-linejoin: miter; stroke-miterlimit: 10; fill: #000; fill-rule: nonzero; opacity: 1;\" ><tspan x=\"-6.4275\" y=\"5.7754\" fill=\"#000\">s<\/tspan><\/text>\n\t<\/g>\n\t<g transform=\"translate(-15.39 0)\">\n\t\t<text font-family=\"Arial\" font-size=\"23.142857142857142\" font-weight=\"normal\" style=\"stroke: none; stroke-width: 1; stroke-dasharray: ; stroke-linecap: butt; stroke-linejoin: miter; stroke-miterlimit: 10; fill: #000; fill-rule: nonzero; opacity: 1;\" ><tspan x=\"-6.4347\" y=\"5.1979\" fill=\"#000\">u<\/tspan><\/text>\n\t<\/g>\n\t<g transform=\"translate(-3.23 0)\">\n\t\t<text font-family=\"Arial\" font-size=\"20.57142857142857\" font-weight=\"normal\" style=\"stroke: none; stroke-width: 1; stroke-dasharray: ; stroke-linecap: butt; stroke-linejoin: miter; stroke-miterlimit: 10; fill: #000; fill-rule: nonzero; opacity: 1;\" ><tspan x=\"-5.72\" y=\"4.6203\" fill=\"#000\">b<\/tspan><\/text>\n\t<\/g>\n\t<g transform=\"translate(8.21 0)\">\n\t\t<text font-family=\"Arial\" font-size=\"20.571428571428573\" font-weight=\"normal\" style=\"stroke: none; stroke-width: 1; stroke-dasharray: ; stroke-linecap: butt; stroke-linejoin: miter; stroke-miterlimit: 10; fill: #000; fill-rule: nonzero; opacity: 1;\" ><tspan x=\"-5.72\" y=\"4.6203\" fill=\"#000\">h<\/tspan><\/text>\n\t<\/g>\n\t<g transform=\"translate(20.36 0)\">\n\t\t<text font-family=\"Arial\" font-size=\"23.142857142857142\" font-weight=\"normal\" style=\"stroke: none; stroke-width: 1; stroke-dasharray: ; stroke-linecap: butt; stroke-linejoin: miter; stroke-miterlimit: 10; fill: #000; fill-rule: nonzero; opacity: 1;\" ><tspan x=\"-6.4347\" y=\"5.1979\" fill=\"#000\">e<\/tspan><\/text>\n\t<\/g>\n\t<g transform=\"translate(33.95 0)\">\n\t\t<text font-family=\"Arial\" font-size=\"25.714285714285715\" font-weight=\"normal\" style=\"stroke: none; stroke-width: 1; stroke-dasharray: ; stroke-linecap: butt; stroke-linejoin: miter; stroke-miterlimit: 10; fill: #000; fill-rule: nonzero; opacity: 1;\" ><tspan x=\"-7.1493\" y=\"5.7754\" fill=\"#000\">a<\/tspan><\/text>\n\t<\/g>\n\t<g transform=\"translate(48.96 0)\">\n\t\t<text font-family=\"Arial\" font-size=\"28.285714285714285\" font-weight=\"normal\" style=\"stroke: none; stroke-width: 1; stroke-dasharray: ; stroke-linecap: butt; stroke-linejoin: miter; stroke-miterlimit: 10; fill: #000; fill-rule: nonzero; opacity: 1;\" ><tspan x=\"-7.864\" y=\"6.353\" fill=\"#000\">d<\/tspan><\/text>\n\t<\/g>\n\t<g transform=\"translate(60.25 0)\">\n\t\t<text font-family=\"Arial\" font-size=\"30.857142857142858\" font-weight=\"normal\" style=\"stroke: none; stroke-width: 1; stroke-dasharray: ; stroke-linecap: butt; stroke-linejoin: miter; stroke-miterlimit: 10; fill: #000; fill-rule: nonzero; opacity: 1;\" ><tspan x=\"-3.4269\" y=\"6.9305\" fill=\"#000\">i<\/tspan><\/text>\n\t<\/g>\n\t<g transform=\"translate(72.97 0)\">\n\t\t<text font-family=\"Arial\" font-size=\"33.42857142857143\" font-weight=\"normal\" style=\"stroke: none; stroke-width: 1; stroke-dasharray: ; stroke-linecap: butt; stroke-linejoin: miter; stroke-miterlimit: 10; fill: #000; fill-rule: nonzero; opacity: 1;\" ><tspan x=\"-9.2933\" y=\"7.5081\" fill=\"#000\">n<\/tspan><\/text>\n\t<\/g>\n\t<g transform=\"translate(92.28 0)\">\n\t\t<text font-family=\"Arial\" font-size=\"36\" font-weight=\"normal\" style=\"stroke: none; stroke-width: 1; stroke-dasharray: ; stroke-linecap: butt; stroke-linejoin: miter; stroke-miterlimit: 10; fill: #000; fill-rule: nonzero; opacity: 1;\" ><tspan x=\"-10.0107\" y=\"8.0856\" fill=\"#000\">g<\/tspan><\/text>\n\t<\/g>\n<\/g><g transform=\"translate(244.92 267.91)\">\t<g transform=\"translate(-88.53 -7.24)\">\n\t\t<text font-family=\"Arial\" font-size=\"18\" font-weight=\"normal\" style=\"stroke: none; stroke-width: 1; stroke-dasharray: ; stroke-linecap: butt; stroke-linejoin: miter; stroke-miterlimit: 10; fill: #000; fill-rule: nonzero; opacity: 1;\" ><tspan x=\"-6.0029\" y=\"4.0428\" fill=\"#000\">A<\/tspan><\/text>\n\t<\/g>\n\t<g transform=\"translate(-77.17 -6.68)\">\n\t\t<text font-family=\"Arial\" font-size=\"19.285714285714285\" font-weight=\"normal\" style=\"stroke: none; stroke-width: 1; stroke-dasharray: ; stroke-linecap: butt; stroke-linejoin: miter; stroke-miterlimit: 10; fill: #000; fill-rule: nonzero; opacity: 1;\" ><tspan x=\"-5.3613\" y=\"4.3316\" fill=\"#000\">d<\/tspan><\/text>\n\t<\/g>\n\t<g transform=\"translate(-66.08 -6.13)\">\n\t\t<text font-family=\"Arial\" font-size=\"20.571428571428573\" font-weight=\"normal\" style=\"stroke: none; stroke-width: 1; stroke-dasharray: ; stroke-linecap: butt; stroke-linejoin: miter; stroke-miterlimit: 10; fill: #000; fill-rule: nonzero; opacity: 1;\" ><tspan x=\"-5.72\" y=\"4.6203\" fill=\"#000\">d<\/tspan><\/text>\n\t<\/g>\n\t<g transform=\"translate(-57.33 -5.57)\">\n\t\t<text font-family=\"Arial\" font-size=\"21.857142857142858\" font-weight=\"normal\" style=\"stroke: none; stroke-width: 1; stroke-dasharray: ; stroke-linecap: butt; stroke-linejoin: miter; stroke-miterlimit: 10; fill: #000; fill-rule: nonzero; opacity: 1;\" ><tspan x=\"-3.0353\" y=\"4.9091\" fill=\"#000\"> <\/tspan><\/text>\n\t<\/g>\n\t<g transform=\"translate(-48.51 -5.01)\">\n\t\t<text font-family=\"Arial\" font-size=\"23.142857142857142\" font-weight=\"normal\" style=\"stroke: none; stroke-width: 1; stroke-dasharray: ; stroke-linecap: butt; stroke-linejoin: miter; stroke-miterlimit: 10; fill: #000; fill-rule: nonzero; opacity: 1;\" ><tspan x=\"-5.785\" y=\"5.1979\" fill=\"#000\">s<\/tspan><\/text>\n\t<\/g>\n\t<g transform=\"translate(-35.93 -4.46)\">\n\t\t<text font-family=\"Arial\" font-size=\"24.42857142857143\" font-weight=\"normal\" style=\"stroke: none; stroke-width: 1; stroke-dasharray: ; stroke-linecap: butt; stroke-linejoin: miter; stroke-miterlimit: 10; fill: #000; fill-rule: nonzero; opacity: 1;\" ><tspan x=\"-6.7906\" y=\"5.4867\" fill=\"#000\">u<\/tspan><\/text>\n\t<\/g>\n\t<g transform=\"translate(-21.99 -3.9)\">\n\t\t<text font-family=\"Arial\" font-size=\"25.714285714285715\" font-weight=\"normal\" style=\"stroke: none; stroke-width: 1; stroke-dasharray: ; stroke-linecap: butt; stroke-linejoin: miter; stroke-miterlimit: 10; fill: #000; fill-rule: nonzero; opacity: 1;\" ><tspan x=\"-7.1493\" y=\"5.7754\" fill=\"#000\">b<\/tspan><\/text>\n\t<\/g>\n\t<g transform=\"translate(-7.34 -3.34)\">\n\t\t<text font-family=\"Arial\" font-size=\"27\" font-weight=\"normal\" style=\"stroke: none; stroke-width: 1; stroke-dasharray: ; stroke-linecap: butt; stroke-linejoin: miter; stroke-miterlimit: 10; fill: #000; fill-rule: nonzero; opacity: 1;\" ><tspan x=\"-7.5081\" y=\"6.0642\" fill=\"#000\">h<\/tspan><\/text>\n\t<\/g>\n\t<g transform=\"translate(8.04 -2.78)\">\n\t\t<text font-family=\"Arial\" font-size=\"28.285714285714285\" font-weight=\"normal\" style=\"stroke: none; stroke-width: 1; stroke-dasharray: ; stroke-linecap: butt; stroke-linejoin: miter; stroke-miterlimit: 10; fill: #000; fill-rule: nonzero; opacity: 1;\" ><tspan x=\"-7.864\" y=\"6.353\" fill=\"#000\">e<\/tspan><\/text>\n\t<\/g>\n\t<g transform=\"translate(24.12 -2.23)\">\n\t\t<text font-family=\"Arial\" font-size=\"29.571428571428573\" font-weight=\"normal\" style=\"stroke: none; stroke-width: 1; stroke-dasharray: ; stroke-linecap: butt; stroke-linejoin: miter; stroke-miterlimit: 10; fill: #000; fill-rule: nonzero; opacity: 1;\" ><tspan x=\"-8.2227\" y=\"6.6417\" fill=\"#000\">a<\/tspan><\/text>\n\t<\/g>\n\t<g transform=\"translate(40.92 -1.67)\">\n\t\t<text font-family=\"Arial\" font-size=\"30.857142857142858\" font-weight=\"normal\" style=\"stroke: none; stroke-width: 1; stroke-dasharray: ; stroke-linecap: butt; stroke-linejoin: miter; stroke-miterlimit: 10; fill: #000; fill-rule: nonzero; opacity: 1;\" ><tspan x=\"-8.5786\" y=\"6.9305\" fill=\"#000\">d<\/tspan><\/text>\n\t<\/g>\n\t<g transform=\"translate(53.07 -1.11)\">\n\t\t<text font-family=\"Arial\" font-size=\"32.142857142857146\" font-weight=\"normal\" style=\"stroke: none; stroke-width: 1; stroke-dasharray: ; stroke-linecap: butt; stroke-linejoin: miter; stroke-miterlimit: 10; fill: #000; fill-rule: nonzero; opacity: 1;\" ><tspan x=\"-3.5702\" y=\"7.2193\" fill=\"#000\">i<\/tspan><\/text>\n\t<\/g>\n\t<g transform=\"translate(65.94 -0.56)\">\n\t\t<text font-family=\"Arial\" font-size=\"33.42857142857143\" font-weight=\"normal\" style=\"stroke: none; stroke-width: 1; stroke-dasharray: ; stroke-linecap: butt; stroke-linejoin: miter; stroke-miterlimit: 10; fill: #000; fill-rule: nonzero; opacity: 1;\" ><tspan x=\"-9.2933\" y=\"7.5081\" fill=\"#000\">n<\/tspan><\/text>\n\t<\/g>\n\t<g transform=\"translate(84.88 0)\">\n\t\t<text font-family=\"Arial\" font-size=\"34.714285714285715\" font-weight=\"normal\" style=\"stroke: none; stroke-width: 1; stroke-dasharray: ; stroke-linecap: butt; stroke-linejoin: miter; stroke-miterlimit: 10; fill: #000; fill-rule: nonzero; opacity: 1;\" ><tspan x=\"-9.652\" y=\"7.7968\" fill=\"#000\">g<\/tspan><\/text>\n\t<\/g>\n<\/g><g transform=\"translate(224 311.75)\">\t<g transform=\"translate(-88.6 0)\">\n\t\t<text font-family=\"Arial\" font-size=\"36\" font-weight=\"normal\" style=\"stroke: none; stroke-width: 1; stroke-dasharray: ; stroke-linecap: butt; stroke-linejoin: miter; stroke-miterlimit: 10; fill: #000; fill-rule: nonzero; opacity: 1;\" ><tspan x=\"-12.0059\" y=\"8.0856\" fill=\"#000\">A<\/tspan><\/text>\n\t<\/g>\n\t<g transform=\"translate(-66.94 0.51)\">\n\t\t<text font-family=\"Arial\" font-size=\"34.714285714285715\" font-weight=\"normal\" style=\"stroke: none; stroke-width: 1; stroke-dasharray: ; stroke-linecap: butt; stroke-linejoin: miter; stroke-miterlimit: 10; fill: #000; fill-rule: nonzero; opacity: 1;\" ><tspan x=\"-9.652\" y=\"7.7968\" fill=\"#000\">d<\/tspan><\/text>\n\t<\/g>\n\t<g transform=\"translate(-48 1.03)\">\n\t\t<text font-family=\"Arial\" font-size=\"33.42857142857143\" font-weight=\"normal\" style=\"stroke: none; stroke-width: 1; stroke-dasharray: ; stroke-linecap: butt; stroke-linejoin: miter; stroke-miterlimit: 10; fill: #000; fill-rule: nonzero; opacity: 1;\" ><tspan x=\"-9.2933\" y=\"7.5081\" fill=\"#000\">d<\/tspan><\/text>\n\t<\/g>\n\t<g transform=\"translate(-34.24 1.54)\">\n\t\t<text font-family=\"Arial\" font-size=\"32.14285714285714\" font-weight=\"normal\" style=\"stroke: none; stroke-width: 1; stroke-dasharray: ; stroke-linecap: butt; stroke-linejoin: miter; stroke-miterlimit: 10; fill: #000; fill-rule: nonzero; opacity: 1;\" ><tspan x=\"-4.4648\" y=\"7.2193\" fill=\"#000\"> <\/tspan><\/text>\n\t<\/g>\n\t<g transform=\"translate(-22.06 2.06)\">\n\t\t<text font-family=\"Arial\" font-size=\"30.857142857142858\" font-weight=\"normal\" style=\"stroke: none; stroke-width: 1; stroke-dasharray: ; stroke-linecap: butt; stroke-linejoin: miter; stroke-miterlimit: 10; fill: #000; fill-rule: nonzero; opacity: 1;\" ><tspan x=\"-7.7125\" y=\"6.9305\" fill=\"#000\">s<\/tspan><\/text>\n\t<\/g>\n\t<g transform=\"translate(-6.13 2.57)\">\n\t\t<text font-family=\"Arial\" font-size=\"29.57142857142857\" font-weight=\"normal\" style=\"stroke: none; stroke-width: 1; stroke-dasharray: ; stroke-linecap: butt; stroke-linejoin: miter; stroke-miterlimit: 10; fill: #000; fill-rule: nonzero; opacity: 1;\" ><tspan x=\"-8.2227\" y=\"6.6417\" fill=\"#000\">u<\/tspan><\/text>\n\t<\/g>\n\t<g transform=\"translate(9.96 3.09)\">\n\t\t<text font-family=\"Arial\" font-size=\"28.285714285714285\" font-weight=\"normal\" style=\"stroke: none; stroke-width: 1; stroke-dasharray: ; stroke-linecap: butt; stroke-linejoin: miter; stroke-miterlimit: 10; fill: #000; fill-rule: nonzero; opacity: 1;\" ><tspan x=\"-7.864\" y=\"6.353\" fill=\"#000\">b<\/tspan><\/text>\n\t<\/g>\n\t<g transform=\"translate(25.33 3.6)\">\n\t\t<text font-family=\"Arial\" font-size=\"27\" font-weight=\"normal\" style=\"stroke: none; stroke-width: 1; stroke-dasharray: ; stroke-linecap: butt; stroke-linejoin: miter; stroke-miterlimit: 10; fill: #000; fill-rule: nonzero; opacity: 1;\" ><tspan x=\"-7.5081\" y=\"6.0642\" fill=\"#000\">h<\/tspan><\/text>\n\t<\/g>\n\t<g transform=\"translate(39.99 4.12)\">\n\t\t<text font-family=\"Arial\" font-size=\"25.714285714285715\" font-weight=\"normal\" style=\"stroke: none; stroke-width: 1; stroke-dasharray: ; stroke-linecap: butt; stroke-linejoin: miter; stroke-miterlimit: 10; fill: #000; fill-rule: nonzero; opacity: 1;\" ><tspan x=\"-7.1493\" y=\"5.7754\" fill=\"#000\">e<\/tspan><\/text>\n\t<\/g>\n\t<g transform=\"translate(53.93 4.63)\">\n\t\t<text font-family=\"Arial\" font-size=\"24.428571428571427\" font-weight=\"normal\" style=\"stroke: none; stroke-width: 1; stroke-dasharray: ; stroke-linecap: butt; stroke-linejoin: miter; stroke-miterlimit: 10; fill: #000; fill-rule: nonzero; opacity: 1;\" ><tspan x=\"-6.7906\" y=\"5.4867\" fill=\"#000\">a<\/tspan><\/text>\n\t<\/g>\n\t<g transform=\"translate(67.15 5.14)\">\n\t\t<text font-family=\"Arial\" font-size=\"23.142857142857142\" font-weight=\"normal\" style=\"stroke: none; stroke-width: 1; stroke-dasharray: ; stroke-linecap: butt; stroke-linejoin: miter; stroke-miterlimit: 10; fill: #000; fill-rule: nonzero; opacity: 1;\" ><tspan x=\"-6.4347\" y=\"5.1979\" fill=\"#000\">d<\/tspan><\/text>\n\t<\/g>\n\t<g transform=\"translate(76.02 5.66)\">\n\t\t<text font-family=\"Arial\" font-size=\"21.857142857142854\" font-weight=\"normal\" style=\"stroke: none; stroke-width: 1; stroke-dasharray: ; stroke-linecap: butt; stroke-linejoin: miter; stroke-miterlimit: 10; fill: #000; fill-rule: nonzero; opacity: 1;\" ><tspan x=\"-2.4272\" y=\"4.9091\" fill=\"#000\">i<\/tspan><\/text>\n\t<\/g>\n\t<g transform=\"translate(84.16 6.17)\">\n\t\t<text font-family=\"Arial\" font-size=\"20.57142857142857\" font-weight=\"normal\" style=\"stroke: none; stroke-width: 1; stroke-dasharray: ; stroke-linecap: butt; stroke-linejoin: miter; stroke-miterlimit: 10; fill: #000; fill-rule: nonzero; opacity: 1;\" ><tspan x=\"-5.72\" y=\"4.6203\" fill=\"#000\">n<\/tspan><\/text>\n\t<\/g>\n\t<g transform=\"translate(95.25 6.69)\">\n\t\t<text font-family=\"Arial\" font-size=\"19.285714285714285\" font-weight=\"normal\" style=\"stroke: none; stroke-width: 1; stroke-dasharray: ; stroke-linecap: butt; stroke-linejoin: miter; stroke-miterlimit: 10; fill: #000; fill-rule: nonzero; opacity: 1;\" ><tspan x=\"-5.3613\" y=\"4.3316\" fill=\"#000\">g<\/tspan><\/text>\n\t<\/g>\n<\/g><g transform=\"translate(225 225)\">\n<image xlink:href=\"http:\/\/localhost\/bulbandkey\/Dev\/media\/pdp\/images\/overlay1473481857.png\" x=\"-225\" y=\"-225\" style=\"stroke: none; stroke-width: 1; stroke-dasharray: ; stroke-linecap: butt; stroke-linejoin: miter; stroke-miterlimit: 10; fill: rgb(0,0,0); fill-rule: nonzero; opacity: 1;\" width=\"450\" height=\"450\" preserveAspectRatio=\"none\"><\/image>\n<\/g>\n<\/svg>","json":{"objects":[{"type":"rect","originX":"left","originY":"top","left":0,"top":0,"width":450,"height":450,"fill":"#ffffff","stroke":null,"strokeWidth":1,"strokeDashArray":null,"strokeLineCap":"butt","strokeLineJoin":"miter","strokeMiterLimit":10,"scaleX":1,"scaleY":1,"angle":0,"flipX":false,"flipY":false,"opacity":1,"shadow":null,"visible":true,"clipTo":null,"backgroundColor":"","fillRule":"nonzero","globalCompositeOperation":"source-over","object_type":"background_color","selectable":false,"evented":false,"rx":0,"ry":0},{"type":"image","originX":"left","originY":"top","left":0,"top":0,"width":450,"height":450,"fill":"rgb(0,0,0)","stroke":null,"strokeWidth":1,"strokeDashArray":null,"strokeLineCap":"butt","strokeLineJoin":"miter","strokeMiterLimit":10,"scaleX":1,"scaleY":1,"angle":0,"flipX":false,"flipY":false,"opacity":1,"shadow":null,"visible":true,"clipTo":null,"backgroundColor":"","fillRule":"nonzero","globalCompositeOperation":"source-over","isrc":"http:\/\/localhost\/bulbandkey\/Dev\/media\/pdp\/images\/filename1473481857.png","price":0,"object_type":"background","selectable":false,"evented":false,"src":"http:\/\/localhost\/bulbandkey\/Dev\/media\/pdp\/images\/filename1473481857.png","filters":[],"crossOrigin":"","alignX":"min","alignY":"min","meetOrSlice":"slice"},{"type":"curvedText","originX":"left","originY":"top","left":73.82,"top":52.32,"width":197.12,"height":123.9,"fill":"#000","stroke":null,"strokeWidth":1,"strokeDashArray":null,"strokeLineCap":"butt","strokeLineJoin":"miter","strokeMiterLimit":10,"scaleX":1,"scaleY":1,"angle":0,"flipX":false,"flipY":false,"opacity":1,"shadow":null,"visible":true,"clipTo":null,"backgroundColor":"","fillRule":"nonzero","globalCompositeOperation":"source-over","name":"item_1","price":"0","selectable":true,"evented":true,"text":"curved","fontSize":72,"fontWeight":"normal","fontFamily":"Arial","fontStyle":"","lineHeight":1.16,"textDecoration":"","textAlign":"center","textBackgroundColor":"","radius":100,"spacing":15,"reverse":false,"effect":"curved","range":5,"smallFont":36,"largeFont":72},{"type":"curvedText","originX":"left","originY":"top","left":133.82,"top":90.32,"width":292.47,"height":95.38,"fill":"#000","stroke":null,"strokeWidth":1,"strokeDashArray":null,"strokeLineCap":"butt","strokeLineJoin":"miter","strokeMiterLimit":10,"scaleX":1,"scaleY":1,"angle":0,"flipX":false,"flipY":false,"opacity":1,"shadow":null,"visible":true,"clipTo":null,"backgroundColor":"","fillRule":"nonzero","globalCompositeOperation":"source-over","name":"item_2","price":"0","selectable":true,"evented":true,"text":"Add heading","fontSize":72,"fontWeight":"normal","fontFamily":"Arial","fontStyle":"","lineHeight":1.16,"textDecoration":"","textAlign":"center","textBackgroundColor":"","radius":100,"spacing":15,"reverse":false,"effect":"bulge","range":5,"smallFont":36,"largeFont":72},{"type":"curvedText","originX":"left","originY":"top","left":94.89,"top":204.66,"width":205.58,"height":48.19,"fill":"#000","stroke":null,"strokeWidth":1,"strokeDashArray":null,"strokeLineCap":"butt","strokeLineJoin":"miter","strokeMiterLimit":10,"scaleX":1,"scaleY":1,"angle":0,"flipX":false,"flipY":false,"opacity":1,"shadow":null,"visible":true,"clipTo":null,"backgroundColor":"","fillRule":"nonzero","globalCompositeOperation":"source-over","name":"item_3","price":"0","selectable":true,"evented":true,"text":"Add subheading","fontSize":36,"fontWeight":"normal","fontFamily":"Arial","fontStyle":"","lineHeight":1.16,"textDecoration":"","textAlign":"center","textBackgroundColor":"","radius":100,"spacing":15,"reverse":false,"effect":"bulge","range":5,"smallFont":36,"largeFont":18},{"type":"curvedText","originX":"left","originY":"top","left":149.89,"top":244.66,"width":190.07,"height":46.5,"fill":"#000","stroke":null,"strokeWidth":1,"strokeDashArray":null,"strokeLineCap":"butt","strokeLineJoin":"miter","strokeMiterLimit":10,"scaleX":1,"scaleY":1,"angle":0,"flipX":false,"flipY":false,"opacity":1,"shadow":null,"visible":true,"clipTo":null,"backgroundColor":"","fillRule":"nonzero","globalCompositeOperation":"source-over","name":"item_4","price":"0","selectable":true,"evented":true,"text":"Add subheading","fontSize":36,"fontWeight":"normal","fontFamily":"Arial","fontStyle":"","lineHeight":1.16,"textDecoration":"","textAlign":"center","textBackgroundColor":"","radius":100,"spacing":15,"reverse":false,"effect":"smallToLarge","range":5,"smallFont":18,"largeFont":36},{"type":"curvedText","originX":"left","originY":"top","left":122.89,"top":287.66,"width":202.21,"height":48.19,"fill":"#000","stroke":null,"strokeWidth":1,"strokeDashArray":null,"strokeLineCap":"butt","strokeLineJoin":"miter","strokeMiterLimit":10,"scaleX":1,"scaleY":1,"angle":0,"flipX":false,"flipY":false,"opacity":1,"shadow":null,"visible":true,"clipTo":null,"backgroundColor":"","fillRule":"nonzero","globalCompositeOperation":"source-over","name":"item_5","price":"0","selectable":true,"evented":true,"text":"Add subheading","fontSize":36,"fontWeight":"normal","fontFamily":"Arial","fontStyle":"","lineHeight":1.16,"textDecoration":"","textAlign":"center","textBackgroundColor":"","radius":100,"spacing":15,"reverse":false,"effect":"largeToSmallTop","range":5,"smallFont":18,"largeFont":36}],"background":"","overlayImage":{"type":"image","originX":"left","originY":"top","left":0,"top":0,"width":450,"height":450,"fill":"rgb(0,0,0)","stroke":null,"strokeWidth":1,"strokeDashArray":null,"strokeLineCap":"butt","strokeLineJoin":"miter","strokeMiterLimit":10,"scaleX":1,"scaleY":1,"angle":0,"flipX":false,"flipY":false,"opacity":1,"shadow":null,"visible":true,"clipTo":null,"backgroundColor":"","fillRule":"nonzero","globalCompositeOperation":"source-over","src":"http:\/\/localhost\/bulbandkey\/Dev\/media\/pdp\/images\/overlay1473481857.png","filters":[],"crossOrigin":"","alignX":"none","alignY":"none","meetOrSlice":"meet"},"scale":1},"final_price":"0.00"},"3":{"id":"3","product_id":"6","label":"Back","color_id":"0","inlay_w":"450","inlay_h":"450","inlay_t":"0","inlay_l":"0","filename":"filename1471614544.png","position":"0","status":"1","price":"0.00","overlay":"overlay1471614544.png","color_code":"","color_name":"","background_type":"image","canvassize":"custom_size","canvaswidth":"450","canvasheight":"450","use_mask":"1","thumbnail":"resize\/resize_filename1471614544.png","final_price":0}}