{"2":{"id":"2","product_id":"6","label":"T-Shirt Front","color_id":"0","inlay_w":"522","inlay_h":"500","inlay_t":"0","inlay_l":"0","filename":"filename1473481857.png","position":"0","status":"1","price":"0.00","overlay":"overlay1473481857.png","color_code":"ffffff","color_name":"White","background_type":"image","canvassize":"custom_size","canvaswidth":"450","canvasheight":"450","use_mask":"1","thumbnail":"resize\/resize_filename1473481857.png","background_path":"http:\/\/localhost\/bulbandkey\/Dev\/media\/pdp\/images\/filename1473481857.png","sideSvg":"<?xml version=\"1.0\" encoding=\"UTF-8\" standalone=\"no\" ?><!DOCTYPE svg PUBLIC \"-\/\/W3C\/\/DTD SVG 1.1\/\/EN\" \"http:\/\/www.w3.org\/Graphics\/SVG\/1.1\/DTD\/svg11.dtd\">\n<svg xmlns=\"http:\/\/www.w3.org\/2000\/svg\" xmlns:xlink=\"http:\/\/www.w3.org\/1999\/xlink\" version=\"1.1\" width=\"100%\" height=\"100%\" viewBox=\"0 0 450 450\" xml:space=\"preserve\"><desc>Created with Fabric.js 1.5.0<\/desc><defs><\/defs><rect x=\"-225\" y=\"-225\" rx=\"0\" ry=\"0\" width=\"450\" height=\"450\" style=\"stroke: none; stroke-width: 1; stroke-dasharray: ; stroke-linecap: butt; stroke-linejoin: miter; stroke-miterlimit: 10; fill: rgb(253, 240, 39); fill-rule: nonzero; opacity: 1;\" transform=\"translate(225 225)\"\/>\n<g transform=\"translate(225 225)\">\n<image xlink:href=\"http:\/\/localhost\/bulbandkey\/Dev\/media\/pdp\/images\/filename1473481857.png\" x=\"-225\" y=\"-225\" style=\"stroke: none; stroke-width: 1; stroke-dasharray: ; stroke-linecap: butt; stroke-linejoin: miter; stroke-miterlimit: 10; fill: rgb(0,0,0); fill-rule: nonzero; opacity: 1;\" width=\"450\" height=\"450\" preserveAspectRatio=\"xMinYMin slice\"><\/image>\n<\/g>\n<g transform=\"translate(165.29 328.52) scale(0.08 0.08)\">\n<image xlink:href=\"http:\/\/localhost\/bulbandkey\/Dev\/media\/pdp\/images\/artworks\/filename1450316692.jpg\" x=\"-450\" y=\"-300\" style=\"stroke: none; stroke-width: 1; stroke-dasharray: ; stroke-linecap: butt; stroke-linejoin: miter; stroke-miterlimit: 10; fill: rgb(0,0,0); fill-rule: nonzero; opacity: 1;\" width=\"900\" height=\"600\" preserveAspectRatio=\"none\"><\/image>\n<\/g>\n<g transform=\"translate(276.14 143.92) scale(0.16 0.16)\">\n<image xlink:href=\"http:\/\/localhost\/bulbandkey\/Dev\/media\/pdp\/images\/artworks\/filename1449503623.png\" x=\"-178\" y=\"-223.5\" style=\"stroke: none; stroke-width: 1; stroke-dasharray: ; stroke-linecap: butt; stroke-linejoin: miter; stroke-miterlimit: 10; fill: rgb(0,0,0); fill-rule: nonzero; opacity: 1;\" width=\"356\" height=\"447\" preserveAspectRatio=\"none\"><\/image>\n<\/g>\n<g style=\"stroke: none; stroke-width: 1; stroke-dasharray: ; stroke-linecap: butt; stroke-linejoin: miter; stroke-miterlimit: 10; fill: #000; fill-rule: nonzero; opacity: 1;\" transform=\"translate(214.8 272.8) scale(0.21 0.21)\" >\n<path d=\"M 474.817 358.47 c -37.959 -9.551 -84.027 -22.663 -93.519 -27.538 c -5.333 -4.303 -33.054 -37.242 -33.054 -37.242 l -15.347 -88.114 c 25.685 7.941 32.757 24.243 41.162 55.588 c 2.272 8.451 9.925 14.052 18.276 14.052 c 1.617 0 3.266 -0.206 4.912 -0.642 c 10.093 -2.7 16.098 -13.105 13.381 -23.189 c -23.296 -104.037 -133.777 -88.719 -134.029 -88.704 c -38.881 2.601 -72.003 -7.163 -74.704 -11.313 c -2.979 -4.302 -14.967 -23.599 -16.798 -58.872 c -0.538 -10.447 -9.505 -18.522 -19.887 -17.923 c -2.422 0.126 -4.695 0.736 -6.797 1.682 c 6.992 -7.422 11.343 -17.351 11.343 -28.347 c 0 -22.919 -18.567 -41.495 -41.487 -41.495 S 86.798 24.986 86.798 47.906 c 0 22.908 18.568 41.472 41.472 41.472 c 8.288 0 15.958 -2.479 22.435 -6.675 c -2.312 3.337 -3.631 7.384 -3.421 11.752 c 2.438 46.968 19.605 73.347 24.827 80.308 c 10.138 13.571 37.916 21.958 67.683 24.941 c 0.027 0.126 0.035 0.221 0.05 0.355 l 23.308 111.236 c 0 0 -5.983 61.539 -3.846 77.337 c 0.878 6.667 3.175 24.373 72.631 91.419 c 4.736 4.585 10.887 6.873 17.012 6.873 c 6.385 0 12.809 -2.51 17.605 -7.482 c 9.384 -9.72 9.107 -25.233 -0.609 -34.617 c -24.037 -23.252 -58.183 -64.406 -58.183 -64.406 s 1.297 -27.585 3.594 -48.761 c 0.146 -2.03 3.688 -3.218 5.202 -1.373 c 3.866 5.012 28.554 35.502 37.958 41.657 c 14.646 9.565 74.181 25.409 108.354 33.991 c 2.007 0.521 4.021 0.766 5.996 0.766 c 10.938 0 20.917 -7.4 23.717 -18.53 C 495.901 375.054 487.953 361.734 474.817 358.47 z\" style=\"stroke: none; stroke-width: 1; stroke-dasharray: ; stroke-linecap: butt; stroke-linejoin: miter; stroke-miterlimit: 10; fill: #000; fill-rule: nonzero; opacity: 1;\" transform=\"\" stroke-linecap=\"round\" \/>\n<path d=\"M 280.697 154.994 c 26.333 -5.649 43.123 -31.574 37.471 -57.892 c -5.638 -26.333 -31.552 -43.104 -57.877 -37.456 c -26.354 5.649 -43.12 31.566 -37.479 57.873 C 228.456 143.852 254.371 160.631 280.697 154.994 z\" style=\"stroke: none; stroke-width: 1; stroke-dasharray: ; stroke-linecap: butt; stroke-linejoin: miter; stroke-miterlimit: 10; fill: #000; fill-rule: nonzero; opacity: 1;\" transform=\"\" stroke-linecap=\"round\" \/>\n<path d=\"M 8.803 99.36 L 0 99.49 l 28.266 119.766 l 71.669 -0.086 l 24.109 -119.881 L 8.803 99.36 z M 90.997 212.564 l -2.571 -5.005 l -2.574 5.012 l -7.159 0.008 l 6.156 -11.986 l -9.153 -17.82 l -9.152 17.82 l 6.16 11.994 l -7.15 0.008 l -2.586 -5.036 l -2.589 5.042 l -7.159 0.009 l 6.171 -12.017 l -9.152 -17.82 l -9.153 17.82 l 6.176 12.024 l -7.15 0.009 l -2.602 -5.066 l -2.605 5.072 l -1.398 0.002 l -1.812 -7.683 l 2.238 -4.358 l -6.037 -11.755 l -6.073 -25.754 l 2.958 5.759 l 9.152 -17.82 l -9.152 -17.821 l -6.856 13.349 l -2.256 -9.548 l 5.53 -10.768 L 10.796 105.98 l 7.152 -0.004 l 6.828 13.294 l 6.833 -13.303 l 11.79 -0.008 l 6.836 13.311 l 6.842 -13.32 l 11.772 -0.008 l 6.845 13.328 l 6.851 -13.337 l 11.754 -0.008 l 6.854 13.345 l 6.859 -13.354 l 7.157 -0.005 l -10.438 20.326 l 5.134 9.998 l -2.013 10.011 l -6.699 -13.043 l -9.152 17.821 l 9.152 17.82 l 3.541 -6.894 l -4.604 22.895 l -8.088 15.749 l 3.536 6.886 l -1.021 5.081 L 90.997 212.564 z\" style=\"stroke: none; stroke-width: 1; stroke-dasharray: ; stroke-linecap: butt; stroke-linejoin: miter; stroke-miterlimit: 10; fill: #000; fill-rule: nonzero; opacity: 1;\" transform=\"\" stroke-linecap=\"round\" \/>\n<polygon points=\"50.24,133.2 41.09,151.02 50.24,168.84 59.39,151.02 \" style=\"stroke: none; stroke-width: 1; stroke-dasharray: ; stroke-linecap: butt; stroke-linejoin: miter; stroke-miterlimit: 10; fill: #000; fill-rule: nonzero; opacity: 1;\" transform=\" \"\/>\n<polygon points=\"28.36,175.81 37.51,193.63 46.66,175.81 37.51,157.99 \" style=\"stroke: none; stroke-width: 1; stroke-dasharray: ; stroke-linecap: butt; stroke-linejoin: miter; stroke-miterlimit: 10; fill: #000; fill-rule: nonzero; opacity: 1;\" transform=\" \"\/>\n<polygon points=\"53.81,175.81 62.97,193.63 72.12,175.81 62.97,157.99 \" style=\"stroke: none; stroke-width: 1; stroke-dasharray: ; stroke-linecap: butt; stroke-linejoin: miter; stroke-miterlimit: 10; fill: #000; fill-rule: nonzero; opacity: 1;\" transform=\" \"\/>\n<polygon points=\"75.69,133.2 66.54,151.02 75.69,168.84 84.85,151.02 \" style=\"stroke: none; stroke-width: 1; stroke-dasharray: ; stroke-linecap: butt; stroke-linejoin: miter; stroke-miterlimit: 10; fill: #000; fill-rule: nonzero; opacity: 1;\" transform=\" \"\/>\n<polygon points=\"88.42,157.99 79.27,175.81 88.42,193.63 97.58,175.81 \" style=\"stroke: none; stroke-width: 1; stroke-dasharray: ; stroke-linecap: butt; stroke-linejoin: miter; stroke-miterlimit: 10; fill: #000; fill-rule: nonzero; opacity: 1;\" transform=\" \"\/>\n<polygon points=\"97.58,126.24 88.42,108.42 79.27,126.24 88.42,144.06 \" style=\"stroke: none; stroke-width: 1; stroke-dasharray: ; stroke-linecap: butt; stroke-linejoin: miter; stroke-miterlimit: 10; fill: #000; fill-rule: nonzero; opacity: 1;\" transform=\" \"\/>\n<polygon points=\"46.66,126.24 37.51,108.42 28.36,126.24 37.51,144.06 \" style=\"stroke: none; stroke-width: 1; stroke-dasharray: ; stroke-linecap: butt; stroke-linejoin: miter; stroke-miterlimit: 10; fill: #000; fill-rule: nonzero; opacity: 1;\" transform=\" \"\/>\n<polygon points=\"72.12,126.24 62.97,108.42 53.81,126.24 62.97,144.06 \" style=\"stroke: none; stroke-width: 1; stroke-dasharray: ; stroke-linecap: butt; stroke-linejoin: miter; stroke-miterlimit: 10; fill: #000; fill-rule: nonzero; opacity: 1;\" transform=\" \"\/>\n<\/g>\n<g transform=\"translate(166.34 247.34) scale(0.45 0.45)\">\n<image xlink:href=\"http:\/\/localhost\/bulbandkey\/Dev\/media\/pdp\/images\/upload\/qrcode-1474368874.png\" x=\"-75\" y=\"-75\" style=\"stroke: none; stroke-width: 1; stroke-dasharray: ; stroke-linecap: butt; stroke-linejoin: miter; stroke-miterlimit: 10; fill: rgb(0,0,0); fill-rule: nonzero; opacity: 1;\" width=\"150\" height=\"150\" preserveAspectRatio=\"none\"><\/image>\n<\/g>\n<g transform=\"translate(265.56 219.22) scale(0.12 0.12)\">\n<image xlink:href=\"http:\/\/localhost\/bulbandkey\/Dev\/media\/pdp\/images\/upload\/1474368895-57e1157f4e755-custom.png\" x=\"-473\" y=\"-185\" style=\"stroke: none; stroke-width: 1; stroke-dasharray: ; stroke-linecap: butt; stroke-linejoin: miter; stroke-miterlimit: 10; fill: rgb(0,0,0); fill-rule: nonzero; opacity: 1;\" width=\"946\" height=\"370\" preserveAspectRatio=\"none\"><\/image>\n<\/g>\n<g transform=\"translate(225 225)\">\n<image xlink:href=\"http:\/\/localhost\/bulbandkey\/Dev\/media\/pdp\/images\/overlay1473481857.png\" x=\"-225\" y=\"-225\" style=\"stroke: none; stroke-width: 1; stroke-dasharray: ; stroke-linecap: butt; stroke-linejoin: miter; stroke-miterlimit: 10; fill: rgb(0,0,0); fill-rule: nonzero; opacity: 1;\" width=\"450\" height=\"450\" preserveAspectRatio=\"none\"><\/image>\n<\/g>\n<\/svg>","json":{"objects":[{"type":"rect","originX":"left","originY":"top","left":0,"top":0,"width":450,"height":450,"fill":"rgb(253, 240, 39)","stroke":null,"strokeWidth":1,"strokeDashArray":null,"strokeLineCap":"butt","strokeLineJoin":"miter","strokeMiterLimit":10,"scaleX":1,"scaleY":1,"angle":0,"flipX":false,"flipY":false,"opacity":1,"shadow":null,"visible":true,"clipTo":null,"backgroundColor":"","fillRule":"nonzero","globalCompositeOperation":"source-over","object_type":"background_color","selectable":false,"evented":false,"rx":0,"ry":0},{"type":"image","originX":"left","originY":"top","left":0,"top":0,"width":450,"height":450,"fill":"rgb(0,0,0)","stroke":null,"strokeWidth":1,"strokeDashArray":null,"strokeLineCap":"butt","strokeLineJoin":"miter","strokeMiterLimit":10,"scaleX":1,"scaleY":1,"angle":0,"flipX":false,"flipY":false,"opacity":1,"shadow":null,"visible":true,"clipTo":null,"backgroundColor":"","fillRule":"nonzero","globalCompositeOperation":"source-over","isrc":"http:\/\/localhost\/bulbandkey\/Dev\/media\/pdp\/images\/filename1473481857.png","price":0,"object_type":"background","selectable":false,"evented":false,"src":"http:\/\/localhost\/bulbandkey\/Dev\/media\/pdp\/images\/filename1473481857.png","filters":[],"crossOrigin":"","alignX":"min","alignY":"min","meetOrSlice":"slice"},{"type":"image","originX":"left","originY":"top","left":129.29,"top":304.52,"width":900,"height":600,"fill":"rgb(0,0,0)","stroke":null,"strokeWidth":1,"strokeDashArray":null,"strokeLineCap":"butt","strokeLineJoin":"miter","strokeMiterLimit":10,"scaleX":0.08,"scaleY":0.08,"angle":0,"flipX":false,"flipY":false,"opacity":1,"shadow":null,"visible":true,"clipTo":null,"backgroundColor":"","fillRule":"nonzero","globalCompositeOperation":"source-over","name":"item_1","isrc":"http:\/\/localhost\/bulbandkey\/Dev\/media\/pdp\/images\/artworks\/filename1450316692.jpg","price":"0.50","object_type":"image","selectable":true,"evented":true,"src":"http:\/\/localhost\/bulbandkey\/Dev\/media\/pdp\/images\/artworks\/filename1450316692.jpg","filters":[],"crossOrigin":"","alignX":"none","alignY":"none","meetOrSlice":"meet"},{"type":"image","originX":"left","originY":"top","left":247.66,"top":108.16,"width":356,"height":447,"fill":"rgb(0,0,0)","stroke":null,"strokeWidth":1,"strokeDashArray":null,"strokeLineCap":"butt","strokeLineJoin":"miter","strokeMiterLimit":10,"scaleX":0.16,"scaleY":0.16,"angle":0,"flipX":false,"flipY":false,"opacity":1,"shadow":null,"visible":true,"clipTo":null,"backgroundColor":"","fillRule":"nonzero","globalCompositeOperation":"source-over","name":"item_2","isrc":"http:\/\/localhost\/bulbandkey\/Dev\/media\/pdp\/images\/artworks\/filename1449503623.png","price":"1.00","object_type":"clipart","selectable":true,"evented":true,"src":"http:\/\/localhost\/bulbandkey\/Dev\/media\/pdp\/images\/artworks\/filename1449503623.png","filters":[],"crossOrigin":"","alignX":"none","alignY":"none","meetOrSlice":"meet"},{"type":"path-group","originX":"left","originY":"top","left":214.8,"top":272.8,"width":493.34,"height":493.34,"fill":"#000","stroke":null,"strokeWidth":1,"strokeDashArray":null,"strokeLineCap":"butt","strokeLineJoin":"miter","strokeMiterLimit":10,"scaleX":0.21,"scaleY":0.21,"angle":0,"flipX":false,"flipY":false,"opacity":1,"shadow":null,"visible":true,"clipTo":null,"backgroundColor":"","fillRule":"nonzero","globalCompositeOperation":"source-over","name":"item_3","isrc":"http:\/\/localhost\/bulbandkey\/Dev\/media\/pdp\/images\/artworks\/Sport_svg\/basketball51.svg","price":"0.00","object_type":"shape","selectable":true,"evented":true,"paths":[{"type":"path","originX":"left","originY":"top","left":86.8,"top":6.41,"width":405.79,"height":480.51,"fill":"#000","stroke":null,"strokeWidth":1,"strokeDashArray":null,"strokeLineCap":"butt","strokeLineJoin":"miter","strokeMiterLimit":10,"scaleX":1,"scaleY":1,"angle":0,"flipX":false,"flipY":false,"opacity":1,"shadow":null,"visible":true,"clipTo":null,"backgroundColor":"","fillRule":"nonzero","globalCompositeOperation":"source-over","selectable":true,"evented":true,"path":[["M",474.817,358.47],["c",-37.959,-9.551,-84.027,-22.663,-93.519,-27.538],["c",-5.333,-4.303,-33.054,-37.242,-33.054,-37.242],["l",-15.347,-88.114],["c",25.685,7.941,32.757,24.243,41.162,55.588],["c",2.272,8.451,9.925,14.052,18.276,14.052],["c",1.617,0,3.266,-0.206,4.912,-0.642],["c",10.093,-2.7,16.098,-13.105,13.381,-23.189],["c",-23.296,-104.037,-133.777,-88.719,-134.029,-88.704],["c",-38.881,2.601,-72.003,-7.163,-74.704,-11.313],["c",-2.979,-4.302,-14.967,-23.599,-16.798,-58.872],["c",-0.538,-10.447,-9.505,-18.522,-19.887,-17.923],["c",-2.422,0.126,-4.695,0.736,-6.797,1.682],["c",6.992,-7.422,11.343,-17.351,11.343,-28.347],["c",0,-22.919,-18.567,-41.495,-41.487,-41.495],["S",86.798,24.986,86.798,47.906],["c",0,22.908,18.568,41.472,41.472,41.472],["c",8.288,0,15.958,-2.479,22.435,-6.675],["c",-2.312,3.337,-3.631,7.384,-3.421,11.752],["c",2.438,46.968,19.605,73.347,24.827,80.308],["c",10.138,13.571,37.916,21.958,67.683,24.941],["c",0.027,0.126,0.035,0.221,0.05,0.355],["l",23.308,111.236],["c",0,0,-5.983,61.539,-3.846,77.337],["c",0.878,6.667,3.175,24.373,72.631,91.419],["c",4.736,4.585,10.887,6.873,17.012,6.873],["c",6.385,0,12.809,-2.51,17.605,-7.482],["c",9.384,-9.72,9.107,-25.233,-0.609,-34.617],["c",-24.037,-23.252,-58.183,-64.406,-58.183,-64.406],["s",1.297,-27.585,3.594,-48.761],["c",0.146,-2.03,3.688,-3.218,5.202,-1.373],["c",3.866,5.012,28.554,35.502,37.958,41.657],["c",14.646,9.565,74.181,25.409,108.354,33.991],["c",2.007,0.521,4.021,0.766,5.996,0.766],["c",10.938,0,20.917,-7.4,23.717,-18.53],["C",495.901,375.054,487.953,361.734,474.817,358.47],["z"]],"pathOffset":{"x":289.6905,"y":246.6685}},{"type":"path","originX":"left","originY":"top","left":221.72,"top":58.55,"width":97.54,"height":97.64,"fill":"#000","stroke":null,"strokeWidth":1,"strokeDashArray":null,"strokeLineCap":"butt","strokeLineJoin":"miter","strokeMiterLimit":10,"scaleX":1,"scaleY":1,"angle":0,"flipX":false,"flipY":false,"opacity":1,"shadow":null,"visible":true,"clipTo":null,"backgroundColor":"","fillRule":"nonzero","globalCompositeOperation":"source-over","selectable":true,"evented":true,"path":[["M",280.697,154.994],["c",26.333,-5.649,43.123,-31.574,37.471,-57.892],["c",-5.638,-26.333,-31.552,-43.104,-57.877,-37.456],["c",-26.354,5.649,-43.12,31.566,-37.479,57.873],["C",228.456,143.852,254.371,160.631,280.697,154.994],["z"]],"pathOffset":{"x":270.491349538,"y":107.369593722}},{"type":"path","originX":"left","originY":"top","left":0,"top":99.29,"width":124.04,"height":119.97,"fill":"#000","stroke":null,"strokeWidth":1,"strokeDashArray":null,"strokeLineCap":"butt","strokeLineJoin":"miter","strokeMiterLimit":10,"scaleX":1,"scaleY":1,"angle":0,"flipX":false,"flipY":false,"opacity":1,"shadow":null,"visible":true,"clipTo":null,"backgroundColor":"","fillRule":"nonzero","globalCompositeOperation":"source-over","selectable":true,"evented":true,"path":[["M",8.803,99.36],["L",0,99.49],["l",28.266,119.766],["l",71.669,-0.086],["l",24.109,-119.881],["L",8.803,99.36],["z"],["M",90.997,212.564],["l",-2.571,-5.005],["l",-2.574,5.012],["l",-7.159,0.008],["l",6.156,-11.986],["l",-9.153,-17.82],["l",-9.152,17.82],["l",6.16,11.994],["l",-7.15,0.008],["l",-2.586,-5.036],["l",-2.589,5.042],["l",-7.159,0.009],["l",6.171,-12.017],["l",-9.152,-17.82],["l",-9.153,17.82],["l",6.176,12.024],["l",-7.15,0.009],["l",-2.602,-5.066],["l",-2.605,5.072],["l",-1.398,0.002],["l",-1.812,-7.683],["l",2.238,-4.358],["l",-6.037,-11.755],["l",-6.073,-25.754],["l",2.958,5.759],["l",9.152,-17.82],["l",-9.152,-17.821],["l",-6.856,13.349],["l",-2.256,-9.548],["l",5.53,-10.768],["L",10.796,105.98],["l",7.152,-0.004],["l",6.828,13.294],["l",6.833,-13.303],["l",11.79,-0.008],["l",6.836,13.311],["l",6.842,-13.32],["l",11.772,-0.008],["l",6.845,13.328],["l",6.851,-13.337],["l",11.754,-0.008],["l",6.854,13.345],["l",6.859,-13.354],["l",7.157,-0.005],["l",-10.438,20.326],["l",5.134,9.998],["l",-2.013,10.011],["l",-6.699,-13.043],["l",-9.152,17.821],["l",9.152,17.82],["l",3.541,-6.894],["l",-4.604,22.895],["l",-8.088,15.749],["l",3.536,6.886],["l",-1.021,5.081],["L",90.997,212.564],["z"]],"pathOffset":{"x":62.022,"y":159.2725}},{"type":"polygon","originX":"left","originY":"top","left":41.09,"top":133.2,"width":18.3,"height":35.64,"fill":"#000","stroke":null,"strokeWidth":1,"strokeDashArray":null,"strokeLineCap":"butt","strokeLineJoin":"miter","strokeMiterLimit":10,"scaleX":1,"scaleY":1,"angle":0,"flipX":false,"flipY":false,"opacity":1,"shadow":null,"visible":true,"clipTo":null,"backgroundColor":"","fillRule":"nonzero","globalCompositeOperation":"source-over","selectable":true,"evented":true,"points":[{"x":50.236,"y":133.201},{"x":41.085,"y":151.022},{"x":50.236,"y":168.842},{"x":59.389,"y":151.022}]},{"type":"polygon","originX":"left","originY":"top","left":28.36,"top":157.99,"width":18.3,"height":35.64,"fill":"#000","stroke":null,"strokeWidth":1,"strokeDashArray":null,"strokeLineCap":"butt","strokeLineJoin":"miter","strokeMiterLimit":10,"scaleX":1,"scaleY":1,"angle":0,"flipX":false,"flipY":false,"opacity":1,"shadow":null,"visible":true,"clipTo":null,"backgroundColor":"","fillRule":"nonzero","globalCompositeOperation":"source-over","selectable":true,"evented":true,"points":[{"x":28.356,"y":175.807},{"x":37.506,"y":193.627},{"x":46.661,"y":175.807},{"x":37.506,"y":157.986}]},{"type":"polygon","originX":"left","originY":"top","left":53.81,"top":157.99,"width":18.31,"height":35.64,"fill":"#000","stroke":null,"strokeWidth":1,"strokeDashArray":null,"strokeLineCap":"butt","strokeLineJoin":"miter","strokeMiterLimit":10,"scaleX":1,"scaleY":1,"angle":0,"flipX":false,"flipY":false,"opacity":1,"shadow":null,"visible":true,"clipTo":null,"backgroundColor":"","fillRule":"nonzero","globalCompositeOperation":"source-over","selectable":true,"evented":true,"points":[{"x":53.815,"y":175.807},{"x":62.965,"y":193.627},{"x":72.12,"y":175.807},{"x":62.965,"y":157.986}]},{"type":"polygon","originX":"left","originY":"top","left":66.54,"top":133.2,"width":18.31,"height":35.64,"fill":"#000","stroke":null,"strokeWidth":1,"strokeDashArray":null,"strokeLineCap":"butt","strokeLineJoin":"miter","strokeMiterLimit":10,"scaleX":1,"scaleY":1,"angle":0,"flipX":false,"flipY":false,"opacity":1,"shadow":null,"visible":true,"clipTo":null,"backgroundColor":"","fillRule":"nonzero","globalCompositeOperation":"source-over","selectable":true,"evented":true,"points":[{"x":75.695,"y":133.201},{"x":66.544,"y":151.022},{"x":75.695,"y":168.842},{"x":84.85,"y":151.022}]},{"type":"polygon","originX":"left","originY":"top","left":79.27,"top":157.99,"width":18.31,"height":35.64,"fill":"#000","stroke":null,"strokeWidth":1,"strokeDashArray":null,"strokeLineCap":"butt","strokeLineJoin":"miter","strokeMiterLimit":10,"scaleX":1,"scaleY":1,"angle":0,"flipX":false,"flipY":false,"opacity":1,"shadow":null,"visible":true,"clipTo":null,"backgroundColor":"","fillRule":"nonzero","globalCompositeOperation":"source-over","selectable":true,"evented":true,"points":[{"x":88.424,"y":157.986},{"x":79.273,"y":175.807},{"x":88.424,"y":193.627},{"x":97.579,"y":175.807}]},{"type":"polygon","originX":"left","originY":"top","left":79.27,"top":108.42,"width":18.31,"height":35.64,"fill":"#000","stroke":null,"strokeWidth":1,"strokeDashArray":null,"strokeLineCap":"butt","strokeLineJoin":"miter","strokeMiterLimit":10,"scaleX":1,"scaleY":1,"angle":0,"flipX":false,"flipY":false,"opacity":1,"shadow":null,"visible":true,"clipTo":null,"backgroundColor":"","fillRule":"nonzero","globalCompositeOperation":"source-over","selectable":true,"evented":true,"points":[{"x":97.579,"y":126.236},{"x":88.424,"y":108.416},{"x":79.273,"y":126.236},{"x":88.424,"y":144.056}]},{"type":"polygon","originX":"left","originY":"top","left":28.36,"top":108.42,"width":18.3,"height":35.64,"fill":"#000","stroke":null,"strokeWidth":1,"strokeDashArray":null,"strokeLineCap":"butt","strokeLineJoin":"miter","strokeMiterLimit":10,"scaleX":1,"scaleY":1,"angle":0,"flipX":false,"flipY":false,"opacity":1,"shadow":null,"visible":true,"clipTo":null,"backgroundColor":"","fillRule":"nonzero","globalCompositeOperation":"source-over","selectable":true,"evented":true,"points":[{"x":46.661,"y":126.236},{"x":37.506,"y":108.416},{"x":28.356,"y":126.236},{"x":37.506,"y":144.056}]},{"type":"polygon","originX":"left","originY":"top","left":53.81,"top":108.42,"width":18.31,"height":35.64,"fill":"#000","stroke":null,"strokeWidth":1,"strokeDashArray":null,"strokeLineCap":"butt","strokeLineJoin":"miter","strokeMiterLimit":10,"scaleX":1,"scaleY":1,"angle":0,"flipX":false,"flipY":false,"opacity":1,"shadow":null,"visible":true,"clipTo":null,"backgroundColor":"","fillRule":"nonzero","globalCompositeOperation":"source-over","selectable":true,"evented":true,"points":[{"x":72.12,"y":126.236},{"x":62.965,"y":108.416},{"x":53.815,"y":126.236},{"x":62.965,"y":144.056}]}]},{"type":"image","originX":"left","originY":"top","left":132.59,"top":213.59,"width":150,"height":150,"fill":"rgb(0,0,0)","stroke":null,"strokeWidth":1,"strokeDashArray":null,"strokeLineCap":"butt","strokeLineJoin":"miter","strokeMiterLimit":10,"scaleX":0.45,"scaleY":0.45,"angle":0,"flipX":false,"flipY":false,"opacity":1,"shadow":null,"visible":true,"clipTo":null,"backgroundColor":"","fillRule":"nonzero","globalCompositeOperation":"source-over","name":"item_4","isrc":"http:\/\/localhost\/bulbandkey\/Dev\/media\/pdp\/images\/upload\/qrcode-1474368874.png","price":0,"object_type":"clipart","selectable":true,"evented":true,"src":"http:\/\/localhost\/bulbandkey\/Dev\/media\/pdp\/images\/upload\/qrcode-1474368874.png","filters":[],"crossOrigin":"","alignX":"none","alignY":"none","meetOrSlice":"meet"},{"type":"image","originX":"left","originY":"top","left":208.8,"top":197.02,"width":946,"height":370,"fill":"rgb(0,0,0)","stroke":null,"strokeWidth":1,"strokeDashArray":null,"strokeLineCap":"butt","strokeLineJoin":"miter","strokeMiterLimit":10,"scaleX":0.12,"scaleY":0.12,"angle":0,"flipX":false,"flipY":false,"opacity":1,"shadow":null,"visible":true,"clipTo":null,"backgroundColor":"","fillRule":"nonzero","globalCompositeOperation":"source-over","name":"item_5","isrc":"http:\/\/localhost\/bulbandkey\/Dev\/media\/pdp\/images\/upload\/1474368895-57e1157f4e755-custom.png","price":"0","object_type":"upload_image","selectable":true,"evented":true,"src":"http:\/\/localhost\/bulbandkey\/Dev\/media\/pdp\/images\/upload\/1474368895-57e1157f4e755-custom.png","filters":[],"crossOrigin":"","alignX":"none","alignY":"none","meetOrSlice":"meet"}],"background":"","overlayImage":{"type":"image","originX":"left","originY":"top","left":0,"top":0,"width":450,"height":450,"fill":"rgb(0,0,0)","stroke":null,"strokeWidth":1,"strokeDashArray":null,"strokeLineCap":"butt","strokeLineJoin":"miter","strokeMiterLimit":10,"scaleX":1,"scaleY":1,"angle":0,"flipX":false,"flipY":false,"opacity":1,"shadow":null,"visible":true,"clipTo":null,"backgroundColor":"","fillRule":"nonzero","globalCompositeOperation":"source-over","src":"http:\/\/localhost\/bulbandkey\/Dev\/media\/pdp\/images\/overlay1473481857.png","filters":[],"crossOrigin":"","alignX":"none","alignY":"none","meetOrSlice":"meet"},"scale":1},"final_price":"1.50"},"3":{"id":"3","product_id":"6","label":"Back","color_id":"0","inlay_w":"450","inlay_h":"450","inlay_t":"0","inlay_l":"0","filename":"filename1471614544.png","position":"0","status":"1","price":"0.00","overlay":"overlay1471614544.png","color_code":"","color_name":"","background_type":"image","canvassize":"custom_size","canvaswidth":"450","canvasheight":"450","use_mask":"1","thumbnail":"resize\/resize_filename1471614544.png","background_path":"http:\/\/localhost\/bulbandkey\/Dev\/media\/pdp\/images\/filename1471614544.png","sideSvg":"<?xml version=\"1.0\" encoding=\"UTF-8\" standalone=\"no\" ?><!DOCTYPE svg PUBLIC \"-\/\/W3C\/\/DTD SVG 1.1\/\/EN\" \"http:\/\/www.w3.org\/Graphics\/SVG\/1.1\/DTD\/svg11.dtd\">\n<svg xmlns=\"http:\/\/www.w3.org\/2000\/svg\" xmlns:xlink=\"http:\/\/www.w3.org\/1999\/xlink\" version=\"1.1\" width=\"100%\" height=\"100%\" viewBox=\"0 0 450 450\" xml:space=\"preserve\"><desc>Created with Fabric.js 1.5.0<\/desc><defs><\/defs><rect x=\"-225\" y=\"-225\" rx=\"0\" ry=\"0\" width=\"450\" height=\"450\" style=\"stroke: none; stroke-width: 1; stroke-dasharray: ; stroke-linecap: butt; stroke-linejoin: miter; stroke-miterlimit: 10; fill: rgb(253, 240, 39); fill-rule: nonzero; opacity: 1;\" transform=\"translate(225 225)\"\/>\n<g transform=\"translate(225 225)\">\n<image xlink:href=\"http:\/\/localhost\/bulbandkey\/Dev\/media\/pdp\/images\/filename1471614544.png\" x=\"-225\" y=\"-225\" style=\"stroke: none; stroke-width: 1; stroke-dasharray: ; stroke-linecap: butt; stroke-linejoin: miter; stroke-miterlimit: 10; fill: rgb(0,0,0); fill-rule: nonzero; opacity: 1;\" width=\"450\" height=\"450\" preserveAspectRatio=\"xMinYMin slice\"><\/image>\n<\/g>\n<g transform=\"translate(227.69 208.1) scale(0.22 0.16)\">\n<image xlink:href=\"http:\/\/localhost\/bulbandkey\/Dev\/media\/pdp\/images\/upload\/1474368895-57e1157f4e755-custom.png\" x=\"-473\" y=\"-185\" style=\"stroke: none; stroke-width: 1; stroke-dasharray: ; stroke-linecap: butt; stroke-linejoin: miter; stroke-miterlimit: 10; fill: rgb(0,0,0); fill-rule: nonzero; opacity: 1;\" width=\"946\" height=\"370\" preserveAspectRatio=\"none\"><\/image>\n<\/g>\n<defs><style type=\"text\/css\"><![CDATA[@font-face {font-family: madewithb;src: url(\"http:\/\/localhost\/bulbandkey\/Dev\/media\/pdp\/fonts\/madewithb.ttf\");}]]><\/style><\/defs><g transform=\"translate(226.79 153.19) scale(1.64 1)\"><defs><style type=\"text\/css\"><![CDATA[@font-face {font-family: madewithb;src: url(\"http:\/\/localhost\/bulbandkey\/Dev\/media\/pdp\/fonts\/madewithb.ttf\");}]]><\/style><\/defs>\t<g transform=\"translate(-34.36 4.36) rotate(-24.33)\">\n\t\t<text font-family=\"madewithb\" font-size=\"32\" font-weight=\"normal\" style=\"stroke: none; stroke-width: 1; stroke-dasharray: ; stroke-linecap: butt; stroke-linejoin: miter; stroke-miterlimit: 10; fill: #000; fill-rule: nonzero; opacity: 1;\" ><tspan x=\"-8.256\" y=\"7.1872\" fill=\"#000\">R<\/tspan><\/text>\n\t<\/g>\n<defs><style type=\"text\/css\"><![CDATA[@font-face {font-family: madewithb;src: url(\"http:\/\/localhost\/bulbandkey\/Dev\/media\/pdp\/fonts\/madewithb.ttf\");}]]><\/style><\/defs>\t<g transform=\"translate(-11.6 -4.83) rotate(-2.6)\">\n\t\t<text font-family=\"madewithb\" font-size=\"32\" font-weight=\"normal\" style=\"stroke: none; stroke-width: 1; stroke-dasharray: ; stroke-linecap: butt; stroke-linejoin: miter; stroke-miterlimit: 10; fill: #000; fill-rule: nonzero; opacity: 1;\" ><tspan x=\"-6.736\" y=\"7.1872\" fill=\"#000\">A<\/tspan><\/text>\n\t<\/g>\n<defs><style type=\"text\/css\"><![CDATA[@font-face {font-family: madewithb;src: url(\"http:\/\/localhost\/bulbandkey\/Dev\/media\/pdp\/fonts\/madewithb.ttf\");}]]><\/style><\/defs>\t<g transform=\"translate(12.69 -4.48) rotate(18.91)\">\n\t\t<text font-family=\"madewithb\" font-size=\"32\" font-weight=\"normal\" style=\"stroke: none; stroke-width: 1; stroke-dasharray: ; stroke-linecap: butt; stroke-linejoin: miter; stroke-miterlimit: 10; fill: #000; fill-rule: nonzero; opacity: 1;\" ><tspan x=\"-7.936\" y=\"7.1872\" fill=\"#000\">V<\/tspan><\/text>\n\t<\/g>\n<defs><style type=\"text\/css\"><![CDATA[@font-face {font-family: madewithb;src: url(\"http:\/\/localhost\/bulbandkey\/Dev\/media\/pdp\/fonts\/madewithb.ttf\");}]]><\/style><\/defs>\t<g transform=\"translate(34.01 3.03) rotate(38.81)\">\n\t\t<text font-family=\"madewithb\" font-size=\"32\" font-weight=\"normal\" style=\"stroke: none; stroke-width: 1; stroke-dasharray: ; stroke-linecap: butt; stroke-linejoin: miter; stroke-miterlimit: 10; fill: #000; fill-rule: nonzero; opacity: 1;\" ><tspan x=\"-4.272\" y=\"7.1872\" fill=\"#000\">I<\/tspan><\/text>\n\t<\/g>\n<\/g><g transform=\"translate(225 225)\">\n<image xlink:href=\"http:\/\/localhost\/bulbandkey\/Dev\/media\/pdp\/images\/overlay1471614544.png\" x=\"-225\" y=\"-225\" style=\"stroke: none; stroke-width: 1; stroke-dasharray: ; stroke-linecap: butt; stroke-linejoin: miter; stroke-miterlimit: 10; fill: rgb(0,0,0); fill-rule: nonzero; opacity: 1;\" width=\"450\" height=\"450\" preserveAspectRatio=\"none\"><\/image>\n<\/g>\n<\/svg>","json":{"objects":[{"type":"rect","originX":"left","originY":"top","left":0,"top":0,"width":450,"height":450,"fill":"rgb(253, 240, 39)","stroke":null,"strokeWidth":1,"strokeDashArray":null,"strokeLineCap":"butt","strokeLineJoin":"miter","strokeMiterLimit":10,"scaleX":1,"scaleY":1,"angle":0,"flipX":false,"flipY":false,"opacity":1,"shadow":null,"visible":true,"clipTo":null,"backgroundColor":"","fillRule":"nonzero","globalCompositeOperation":"source-over","object_type":"background_color","selectable":false,"evented":false,"rx":0,"ry":0},{"type":"image","originX":"left","originY":"top","left":0,"top":0,"width":450,"height":450,"fill":"rgb(0,0,0)","stroke":null,"strokeWidth":1,"strokeDashArray":null,"strokeLineCap":"butt","strokeLineJoin":"miter","strokeMiterLimit":10,"scaleX":1,"scaleY":1,"angle":0,"flipX":false,"flipY":false,"opacity":1,"shadow":null,"visible":true,"clipTo":null,"backgroundColor":"","fillRule":"nonzero","globalCompositeOperation":"source-over","isrc":"http:\/\/localhost\/bulbandkey\/Dev\/media\/pdp\/images\/filename1471614544.png","price":0,"object_type":"background","selectable":false,"evented":false,"src":"http:\/\/localhost\/bulbandkey\/Dev\/media\/pdp\/images\/filename1471614544.png","filters":[],"crossOrigin":"","alignX":"min","alignY":"min","meetOrSlice":"slice"},{"type":"image","originX":"left","originY":"top","left":123.63,"top":178.5,"width":946,"height":370,"fill":"rgb(0,0,0)","stroke":null,"strokeWidth":1,"strokeDashArray":null,"strokeLineCap":"butt","strokeLineJoin":"miter","strokeMiterLimit":10,"scaleX":0.22,"scaleY":0.16,"angle":0,"flipX":false,"flipY":false,"opacity":1,"shadow":null,"visible":true,"clipTo":null,"backgroundColor":"","fillRule":"nonzero","globalCompositeOperation":"source-over","name":"item_1","isrc":"http:\/\/localhost\/bulbandkey\/Dev\/media\/pdp\/images\/upload\/1474368895-57e1157f4e755-custom.png","price":"0","object_type":"upload_image","selectable":true,"evented":true,"src":"http:\/\/localhost\/bulbandkey\/Dev\/media\/pdp\/images\/upload\/1474368895-57e1157f4e755-custom.png","filters":[],"crossOrigin":"","alignX":"none","alignY":"none","meetOrSlice":"meet"},{"type":"curvedText","originX":"left","originY":"top","left":142.84,"top":125.66,"width":102.37,"height":55.06,"fill":"#000","stroke":null,"strokeWidth":1,"strokeDashArray":null,"strokeLineCap":"butt","strokeLineJoin":"miter","strokeMiterLimit":10,"scaleX":1.64,"scaleY":1,"angle":0,"flipX":false,"flipY":false,"opacity":1,"shadow":null,"visible":true,"clipTo":null,"backgroundColor":"","fillRule":"nonzero","globalCompositeOperation":"source-over","name":"item_2","price":"0","selectable":true,"evented":true,"text":"RAVI","fontSize":"32","fontWeight":"normal","fontFamily":"madewithb","fontStyle":"","lineHeight":1.16,"textDecoration":"","textAlign":"center","textBackgroundColor":"","radius":"87","spacing":"18","reverse":false,"effect":"curved","range":5,"smallFont":16,"largeFont":"32"}],"background":"","overlayImage":{"type":"image","originX":"left","originY":"top","left":0,"top":0,"width":450,"height":450,"fill":"rgb(0,0,0)","stroke":null,"strokeWidth":1,"strokeDashArray":null,"strokeLineCap":"butt","strokeLineJoin":"miter","strokeMiterLimit":10,"scaleX":1,"scaleY":1,"angle":0,"flipX":false,"flipY":false,"opacity":1,"shadow":null,"visible":true,"clipTo":null,"backgroundColor":"","fillRule":"nonzero","globalCompositeOperation":"source-over","src":"http:\/\/localhost\/bulbandkey\/Dev\/media\/pdp\/images\/overlay1471614544.png","filters":[],"crossOrigin":"","alignX":"none","alignY":"none","meetOrSlice":"meet"},"scale":1},"final_price":"0.00"}}