{"1":{"id":"1","product_id":"4","label":"front","color_id":"0","inlay_w":"170","inlay_h":"270","inlay_t":"0","inlay_l":"0","filename":"","position":"0","status":"1","price":"0.00","overlay":"","color_code":"","color_name":"","background_type":"blank","canvassize":"custom_size","canvaswidth":"800","canvasheight":"600","use_mask":"2","thumbnail":null,"final_price":"1.00","background_path":"http:\/\/localhost\/bulbandkey\/Dev\/media\/pdp\/images\/artworks\/Classic\/filename1442874399.png","sideSvg":"<?xml version=\"1.0\" encoding=\"UTF-8\" standalone=\"no\" ?><!DOCTYPE svg PUBLIC \"-\/\/W3C\/\/DTD SVG 1.1\/\/EN\" \"http:\/\/www.w3.org\/Graphics\/SVG\/1.1\/DTD\/svg11.dtd\">\n<svg xmlns=\"http:\/\/www.w3.org\/2000\/svg\" xmlns:xlink=\"http:\/\/www.w3.org\/1999\/xlink\" version=\"1.1\" width=\"100%\" height=\"100%\" viewBox=\"0 0 800 600\" xml:space=\"preserve\"><desc>Created with Fabric.js 1.5.0<\/desc><defs><\/defs><rect x=\"-333\" y=\"-250\" rx=\"0\" ry=\"0\" width=\"666\" height=\"500\" style=\"stroke: none; stroke-width: 1; stroke-dasharray: ; stroke-linecap: butt; stroke-linejoin: miter; stroke-miterlimit: 10; fill: rgb(250, 212, 49); fill-rule: nonzero; opacity: 1;\" transform=\"translate(399.6 300) scale(1.2 1.2)\"\/>\n<g transform=\"translate(399.6 300) scale(1.2 1.2)\">\n<image xlink:href=\"http:\/\/localhost\/bulbandkey\/Dev\/media\/pdp\/images\/artworks\/Classic\/filename1442874399.png\" x=\"-333\" y=\"-250\" style=\"stroke: none; stroke-width: 1; stroke-dasharray: ; stroke-linecap: butt; stroke-linejoin: miter; stroke-miterlimit: 10; fill: rgb(0,0,0); fill-rule: nonzero; opacity: 1;\" width=\"666\" height=\"500\" preserveAspectRatio=\"xMinYMin slice\"><\/image>\n<\/g>\n<defs><style type=\"text\/css\"><![CDATA[@font-face {font-family: playball;src: url(\"http:\/\/localhost\/bulbandkey\/Dev\/media\/pdp\/fonts\/playball.ttf\");}]]><\/style><\/defs>\t<g transform=\"translate(306.37 95.47) scale(1.2 1.2)\">\n\t\t<text font-family=\"playball\" font-size=\"96\" font-weight=\"normal\" style=\"stroke: none; stroke-width: 1; stroke-dasharray: ; stroke-linecap: butt; stroke-linejoin: miter; stroke-miterlimit: 10; fill: #d01a74; fill-rule: nonzero; opacity: 1;\" ><tspan x=\"-213.072\" y=\"30.24\" fill=\"#d01a74\">Hello Harly<\/tspan><\/text>\n\t<\/g>\n<g transform=\"translate(684.87 167.89) scale(0.28 0.28)\">\n<image xlink:href=\"http:\/\/localhost\/bulbandkey\/Dev\/media\/pdp\/images\/artworks\/filename1449503335.png\" x=\"-389.5\" y=\"-563.5\" style=\"stroke: none; stroke-width: 1; stroke-dasharray: ; stroke-linecap: butt; stroke-linejoin: miter; stroke-miterlimit: 10; fill: rgb(0,0,0); fill-rule: nonzero; opacity: 1;\" width=\"779\" height=\"1127\" preserveAspectRatio=\"none\"><\/image>\n<\/g>\n<g style=\"stroke: none; stroke-width: 1; stroke-dasharray: ; stroke-linecap: butt; stroke-linejoin: miter; stroke-miterlimit: 10; fill: #c20034; fill-rule: nonzero; opacity: 1;\" transform=\"translate(42.540000000000006 189.49199999999996) scale(0.46 0.46)\" >\n<polygon points=\"271.94,209.61 338.43,114.47 257.52,39.03 144.54,79.66 148.3,186.13 \" style=\"stroke: none; stroke-width: 1; stroke-dasharray: ; stroke-linecap: butt; stroke-linejoin: miter; stroke-miterlimit: 10; fill: #c20034; fill-rule: nonzero; opacity: 1;\" transform=\" \"\/>\n<polygon points=\"228.87,402.41 289.71,465.78 395.98,420.41 413.34,326.51 307.84,313.52 \" style=\"stroke: none; stroke-width: 1; stroke-dasharray: ; stroke-linecap: butt; stroke-linejoin: miter; stroke-miterlimit: 10; fill: #c20034; fill-rule: nonzero; opacity: 1;\" transform=\" \"\/>\n<path d=\"M 15.731 336.798 l 1.343 1.644 c 36.151 92.23 125.889 157.571 230.934 157.571 c 136.976 0 248.006 -111.029 248.006 -248.007 C 496.013 111.036 384.983 0 248.007 0 C 111.036 0 0 111.043 0 248.006 c 0 30.668 5.604 60.026 15.785 87.145 L 15.731 336.798 z M 12.93 248.006 c 0 -31.32 6.209 -61.204 17.38 -88.564 l 58.667 -72.789 l 15.206 -24.383 c 39.792 -30.883 89.68 -49.339 143.833 -49.339 c 1.302 0 2.583 0.08 3.893 0.094 l 26.236 9.664 l 57.827 7.379 c 37.029 15.002 69.417 39.15 94.312 69.671 l -9.63 41.932 l 37.994 107.148 l 24.272 6.148 c -3.727 126.418 -107.619 228.106 -234.905 228.106 c -63.375 0 -120.926 -25.247 -163.249 -66.159 l 45.626 -39.192 L 86.849 265.485 l -68.128 -23.465 l -1.575 50.047 C 14.42 277.797 12.93 263.077 12.93 248.006 z\" style=\"stroke: none; stroke-width: 1; stroke-dasharray: ; stroke-linecap: butt; stroke-linejoin: miter; stroke-miterlimit: 10; fill: #c20034; fill-rule: nonzero; opacity: 1;\" transform=\"\" stroke-linecap=\"round\" \/>\n<\/g>\n<g style=\"stroke: none; stroke-width: 1; stroke-dasharray: ; stroke-linecap: butt; stroke-linejoin: miter; stroke-miterlimit: 10; fill: #333181; fill-rule: nonzero; opacity: 1;\" transform=\"translate(549.948 351.8040000000001) scale(7.78 7.78)\" >\n<path d=\"M 11.939 8.819 c -0.42 -0.06 -0.834 -0.104 -1.239 -0.136 c -0.914 1.908 -1.53 3.981 -1.794 6.168 c 2.799 -0.01 7.457 1.146 8.943 8.518 c 0.731 3.649 2.479 5.508 5.408 5.713 c 2.418 -1.377 4.426 -3.386 5.809 -5.797 C 26.671 15.833 20.206 10.006 11.939 8.819 z\" style=\"stroke: none; stroke-width: 1; stroke-dasharray: ; stroke-linecap: butt; stroke-linejoin: miter; stroke-miterlimit: 10; fill: #333181; fill-rule: nonzero; opacity: 1;\" transform=\"\" stroke-linecap=\"round\" \/>\n<path d=\"M 7.483 16.269 c -2.133 0.324 -3.621 1.168 -4.422 2.504 c -1.134 1.89 -0.675 4.371 -0.339 5.58 c 2.164 3.154 5.462 5.472 9.307 6.363 c -2.882 -3.611 -4.57 -8.258 -4.57 -13.457 C 7.458 16.927 7.469 16.599 7.483 16.269 z\" style=\"stroke: none; stroke-width: 1; stroke-dasharray: ; stroke-linecap: butt; stroke-linejoin: miter; stroke-miterlimit: 10; fill: #333181; fill-rule: nonzero; opacity: 1;\" transform=\"\" stroke-linecap=\"round\" \/>\n<path d=\"M 9.932 7.334 c 0.589 -1.104 1.269 -2.152 2.038 -3.134 c -1.835 -0.64 -2.397 -1.984 -2.453 -2.979 C 5.762 2.808 2.754 5.825 1.188 9.595 C 3.576 8.108 6.31 7.323 9.321 7.323 C 9.522 7.325 9.728 7.33 9.932 7.334 z\" style=\"stroke: none; stroke-width: 1; stroke-dasharray: ; stroke-linecap: butt; stroke-linejoin: miter; stroke-miterlimit: 10; fill: #333181; fill-rule: nonzero; opacity: 1;\" transform=\"\" stroke-linecap=\"round\" \/>\n<path d=\"M 7.586 14.941 c 0.244 -2.226 0.833 -4.35 1.712 -6.316 c -3.495 0.007 -6.413 1.1 -8.791 2.99 C 0.175 12.874 0 14.196 0 15.562 c 0 1.98 0.37 3.879 1.045 5.625 c 0.06 -1.024 0.309 -2.098 0.894 -3.08 C 2.989 16.355 4.891 15.291 7.586 14.941 z\" style=\"stroke: none; stroke-width: 1; stroke-dasharray: ; stroke-linecap: butt; stroke-linejoin: miter; stroke-miterlimit: 10; fill: #333181; fill-rule: nonzero; opacity: 1;\" transform=\"\" stroke-linecap=\"round\" \/>\n<path d=\"M 12.888 3.112 c 1.029 -1.149 2.184 -2.187 3.439 -3.087 c -0.256 -0.013 -0.513 -0.02 -0.767 -0.02 c -2.982 0 -4.725 0.814 -4.725 0.814 C 10.804 1.003 10.618 2.593 12.888 3.112 z\" style=\"stroke: none; stroke-width: 1; stroke-dasharray: ; stroke-linecap: butt; stroke-linejoin: miter; stroke-miterlimit: 10; fill: #333181; fill-rule: nonzero; opacity: 1;\" transform=\"\" stroke-linecap=\"round\" \/>\n<path d=\"M 28.184 6.471 l -0.027 0.019 c -2.914 -3.642 -7.619 -1.747 -7.668 -1.728 c -1.279 0.53 -3.613 0.456 -7.125 -0.224 c -0.751 0.9 -1.424 1.869 -2.008 2.898 c 0.254 0.026 0.512 0.056 0.772 0.093 c 5.934 0.851 11.178 3.966 14.771 8.761 c 1.25 1.67 2.248 3.474 2.979 5.364 c 0.8 -1.87 1.24 -3.932 1.24 -6.092 C 31.115 12.167 30.029 9.027 28.184 6.471 z\" style=\"stroke: none; stroke-width: 1; stroke-dasharray: ; stroke-linecap: butt; stroke-linejoin: miter; stroke-miterlimit: 10; fill: #333181; fill-rule: nonzero; opacity: 1;\" transform=\"\" stroke-linecap=\"round\" \/>\n<path d=\"M 19.99 3.56 c 1.086 -0.452 2.943 -0.836 4.865 -0.47 c -1.889 -1.416 -4.113 -2.403 -6.529 -2.839 c -1.447 0.883 -2.771 1.944 -3.946 3.154 C 17.811 4.004 19.324 3.835 19.99 3.56 z\" style=\"stroke: none; stroke-width: 1; stroke-dasharray: ; stroke-linecap: butt; stroke-linejoin: miter; stroke-miterlimit: 10; fill: #333181; fill-rule: nonzero; opacity: 1;\" transform=\"\" stroke-linecap=\"round\" \/>\n<path d=\"M 16.574 23.626 c -1.293 -6.422 -5.12 -7.531 -7.781 -7.479 c -0.021 0.367 -0.031 0.735 -0.031 1.106 c 0 5.353 1.922 10.207 5.259 13.783 c 0.506 0.047 1.02 0.075 1.541 0.075 c 2.023 0 3.961 -0.387 5.739 -1.092 C 18.85 29.208 17.266 27.07 16.574 23.626 z\" style=\"stroke: none; stroke-width: 1; stroke-dasharray: ; stroke-linecap: butt; stroke-linejoin: miter; stroke-miterlimit: 10; fill: #333181; fill-rule: nonzero; opacity: 1;\" transform=\"\" stroke-linecap=\"round\" \/>\n<\/g>\n<g style=\"stroke: none; stroke-width: 1; stroke-dasharray: ; stroke-linecap: butt; stroke-linejoin: miter; stroke-miterlimit: 10; fill: #ffffff; fill-rule: nonzero; opacity: 1;\" transform=\"translate(284.0880000000001 131.32799999999997) scale(0.64 0.64)\" >\n<polygon points=\"473.01,155.5 421.75,102.03 444.06,87.8 445.36,76.71 435.02,76.1 408.18,95.4 374.7,95.43 354.2,82.91 346.86,84.41 346.96,92.55 360.18,107.18 358.44,114.87 202.94,131.59 41.87,127.09 24.51,134.37 11.73,150.61 5.15,188.61 3.99,215.93 0,241.44 1.1,266.84 5.58,267.76 12.1,260.58 17.4,236.75 13.1,203.68 14.6,203.45 24.69,253.79 17.82,297.49 24.09,384.68 24.69,394.34 30.81,399.56 57.87,399.6 66.58,396.96 42.38,357.55 54.39,307.49 60.68,307.5 82.62,374.05 93.93,391.14 99.51,394.57 129.38,394.6 133.21,389.8 107.35,373.92 89.83,319.94 94.22,311.17 104.52,312.13 110.98,327.96 120.35,312.53 129.42,328.02 137.11,311.2 159.73,293.81 240.01,286.12 253.48,302.59 264.84,383.12 270.81,394.69 298.17,394.68 301.12,390.35 284.49,367.21 282.49,323.14 291.47,328.12 300.93,357.39 312.95,395.4 318.35,399.58 342.82,399.6 344.85,394.07 337.7,387.45 314.62,342.35 319.94,295.08 345.8,275.95 383.47,205.99 426.83,185.97 466.7,181.43 470.12,177.72 475.69,162 \" style=\"stroke: none; stroke-width: 1; stroke-dasharray: ; stroke-linecap: butt; stroke-linejoin: miter; stroke-miterlimit: 10; fill: #ffffff; fill-rule: nonzero; opacity: 1;\" transform=\" \"\/>\n<\/g>\n<g transform=\"translate(62.25 536.72) scale(0.8 0.8)\">\n<image xlink:href=\"http:\/\/localhost\/bulbandkey\/Dev\/media\/pdp\/images\/upload\/qrcode-1468819065.png\" x=\"-62.5\" y=\"-62.5\" style=\"stroke: none; stroke-width: 1; stroke-dasharray: ; stroke-linecap: butt; stroke-linejoin: miter; stroke-miterlimit: 10; fill: rgb(0,0,0); fill-rule: nonzero; opacity: 1;\" width=\"125\" height=\"125\" preserveAspectRatio=\"none\"><\/image>\n<\/g>\n<\/svg>","json":{"objects":[{"type":"rect","originX":"left","originY":"top","left":0,"top":0,"width":666,"height":500,"fill":"rgb(250, 212, 49)","stroke":null,"strokeWidth":1,"strokeDashArray":null,"strokeLineCap":"butt","strokeLineJoin":"miter","strokeMiterLimit":10,"scaleX":1.2,"scaleY":1.2,"angle":0,"flipX":false,"flipY":false,"opacity":1,"shadow":null,"visible":true,"clipTo":null,"backgroundColor":"","fillRule":"nonzero","globalCompositeOperation":"source-over","object_type":"background_color","selectable":false,"evented":false,"rx":0,"ry":0},{"type":"image","originX":"left","originY":"top","left":0,"top":0,"width":666,"height":500,"fill":"rgb(0,0,0)","stroke":null,"strokeWidth":1,"strokeDashArray":null,"strokeLineCap":"butt","strokeLineJoin":"miter","strokeMiterLimit":10,"scaleX":1.2,"scaleY":1.2,"angle":0,"flipX":false,"flipY":false,"opacity":1,"shadow":null,"visible":true,"clipTo":null,"backgroundColor":"","fillRule":"nonzero","globalCompositeOperation":"source-over","name":"item_1","isrc":"http:\/\/localhost\/bulbandkey\/Dev\/media\/pdp\/images\/artworks\/Classic\/filename1442874399.png","price":"0.00","object_type":"background","selectable":false,"evented":false,"src":"http:\/\/localhost\/bulbandkey\/Dev\/media\/pdp\/images\/artworks\/Classic\/filename1442874399.png","filters":[],"crossOrigin":"","alignX":"min","alignY":"min","meetOrSlice":"slice"},{"type":"text","originX":"left","originY":"top","left":50.69,"top":30.38,"width":426.14,"height":108.48,"fill":"#d01a74","stroke":null,"strokeWidth":1,"strokeDashArray":null,"strokeLineCap":"butt","strokeLineJoin":"miter","strokeMiterLimit":10,"scaleX":1.2,"scaleY":1.2,"angle":0,"flipX":false,"flipY":false,"opacity":1,"shadow":null,"visible":true,"clipTo":null,"backgroundColor":"","fillRule":"nonzero","globalCompositeOperation":"source-over","name":"item_2","price":"0","selectable":true,"evented":true,"text":"Hello Harly","fontSize":"96","fontWeight":"normal","fontFamily":"playball","fontStyle":"","lineHeight":"1","textDecoration":"","textAlign":"left","textBackgroundColor":""},{"type":"image","originX":"left","originY":"top","left":577.37,"top":12.36,"width":779,"height":1127,"fill":"rgb(0,0,0)","stroke":null,"strokeWidth":1,"strokeDashArray":null,"strokeLineCap":"butt","strokeLineJoin":"miter","strokeMiterLimit":10,"scaleX":0.28,"scaleY":0.28,"angle":0,"flipX":false,"flipY":false,"opacity":1,"shadow":null,"visible":true,"clipTo":null,"backgroundColor":"","fillRule":"nonzero","globalCompositeOperation":"source-over","name":"item_3","isrc":"http:\/\/localhost\/bulbandkey\/Dev\/media\/pdp\/images\/artworks\/filename1449503335.png","price":"1.00","object_type":"clipart","selectable":true,"evented":true,"src":"http:\/\/localhost\/bulbandkey\/Dev\/media\/pdp\/images\/artworks\/filename1449503335.png","filters":[],"crossOrigin":"","alignX":"none","alignY":"none","meetOrSlice":"meet"},{"type":"path-group","originX":"left","originY":"top","left":42.54,"top":189.49,"width":496.01,"height":496.01,"fill":"#c20034","stroke":null,"strokeWidth":1,"strokeDashArray":null,"strokeLineCap":"butt","strokeLineJoin":"miter","strokeMiterLimit":10,"scaleX":0.46,"scaleY":0.46,"angle":0,"flipX":false,"flipY":false,"opacity":1,"shadow":null,"visible":true,"clipTo":null,"backgroundColor":"","fillRule":"nonzero","globalCompositeOperation":"source-over","name":"item_4","isrc":"http:\/\/localhost\/bulbandkey\/Dev\/media\/pdp\/images\/artworks\/Sport_svg\/football28.svg","price":"0.00","object_type":"shape","selectable":true,"evented":true,"paths":[{"type":"polygon","originX":"left","originY":"top","left":144.54,"top":39.03,"width":193.88,"height":170.59,"fill":"#c20034","stroke":null,"strokeWidth":1,"strokeDashArray":null,"strokeLineCap":"butt","strokeLineJoin":"miter","strokeMiterLimit":10,"scaleX":1,"scaleY":1,"angle":0,"flipX":false,"flipY":false,"opacity":1,"shadow":null,"visible":true,"clipTo":null,"backgroundColor":"","fillRule":"nonzero","globalCompositeOperation":"source-over","selectable":true,"evented":true,"points":[{"x":271.942,"y":209.614},{"x":338.425,"y":114.466},{"x":257.523,"y":39.026},{"x":144.542,"y":79.657},{"x":148.303,"y":186.135}]},{"type":"polygon","originX":"left","originY":"top","left":228.87,"top":313.52,"width":184.47,"height":152.25,"fill":"#c20034","stroke":null,"strokeWidth":1,"strokeDashArray":null,"strokeLineCap":"butt","strokeLineJoin":"miter","strokeMiterLimit":10,"scaleX":1,"scaleY":1,"angle":0,"flipX":false,"flipY":false,"opacity":1,"shadow":null,"visible":true,"clipTo":null,"backgroundColor":"","fillRule":"nonzero","globalCompositeOperation":"source-over","selectable":true,"evented":true,"points":[{"x":228.868,"y":402.407},{"x":289.71,"y":465.777},{"x":395.984,"y":420.409},{"x":413.34,"y":326.511},{"x":307.844,"y":313.522}]},{"type":"path","originX":"left","originY":"top","left":0,"top":0,"width":496.01,"height":496.01,"fill":"#c20034","stroke":null,"strokeWidth":1,"strokeDashArray":null,"strokeLineCap":"butt","strokeLineJoin":"miter","strokeMiterLimit":10,"scaleX":1,"scaleY":1,"angle":0,"flipX":false,"flipY":false,"opacity":1,"shadow":null,"visible":true,"clipTo":null,"backgroundColor":"","fillRule":"nonzero","globalCompositeOperation":"source-over","selectable":true,"evented":true,"path":[["M",15.731,336.798],["l",1.343,1.644],["c",36.151,92.23,125.889,157.571,230.934,157.571],["c",136.976,0,248.006,-111.029,248.006,-248.007],["C",496.013,111.036,384.983,0,248.007,0],["C",111.036,0,0,111.043,0,248.006],["c",0,30.668,5.604,60.026,15.785,87.145],["L",15.731,336.798],["z"],["M",12.93,248.006],["c",0,-31.32,6.209,-61.204,17.38,-88.564],["l",58.667,-72.789],["l",15.206,-24.383],["c",39.792,-30.883,89.68,-49.339,143.833,-49.339],["c",1.302,0,2.583,0.08,3.893,0.094],["l",26.236,9.664],["l",57.827,7.379],["c",37.029,15.002,69.417,39.15,94.312,69.671],["l",-9.63,41.932],["l",37.994,107.148],["l",24.272,6.148],["c",-3.727,126.418,-107.619,228.106,-234.905,228.106],["c",-63.375,0,-120.926,-25.247,-163.249,-66.159],["l",45.626,-39.192],["L",86.849,265.485],["l",-68.128,-23.465],["l",-1.575,50.047],["C",14.42,277.797,12.93,263.077,12.93,248.006],["z"]],"pathOffset":{"x":248.007,"y":248.0065}}]},{"type":"path-group","originX":"left","originY":"top","left":549.95,"top":351.8,"width":31.12,"height":31.12,"fill":"#333181","stroke":null,"strokeWidth":1,"strokeDashArray":null,"strokeLineCap":"butt","strokeLineJoin":"miter","strokeMiterLimit":10,"scaleX":7.78,"scaleY":7.78,"angle":0,"flipX":false,"flipY":false,"opacity":1,"shadow":null,"visible":true,"clipTo":null,"backgroundColor":"","fillRule":"nonzero","globalCompositeOperation":"source-over","name":"item_5","isrc":"http:\/\/localhost\/bulbandkey\/Dev\/media\/pdp\/images\/artworks\/Sport_svg\/basketball32.svg","price":"0.00","object_type":"shape","selectable":true,"evented":true,"paths":[{"type":"path","originX":"left","originY":"top","left":8.91,"top":8.68,"width":20.16,"height":20.4,"fill":"#333181","stroke":null,"strokeWidth":1,"strokeDashArray":null,"strokeLineCap":"butt","strokeLineJoin":"miter","strokeMiterLimit":10,"scaleX":1,"scaleY":1,"angle":0,"flipX":false,"flipY":false,"opacity":1,"shadow":null,"visible":true,"clipTo":null,"backgroundColor":"","fillRule":"nonzero","globalCompositeOperation":"source-over","selectable":true,"evented":true,"path":[["M",11.939,8.819],["c",-0.42,-0.06,-0.834,-0.104,-1.239,-0.136],["c",-0.914,1.908,-1.53,3.981,-1.794,6.168],["c",2.799,-0.01,7.457,1.146,8.943,8.518],["c",0.731,3.649,2.479,5.508,5.408,5.713],["c",2.418,-1.377,4.426,-3.386,5.809,-5.797],["C",26.671,15.833,20.206,10.006,11.939,8.819],["z"]],"pathOffset":{"x":18.986,"y":18.8825}},{"type":"path","originX":"left","originY":"top","left":2.34,"top":16.27,"width":9.69,"height":14.45,"fill":"#333181","stroke":null,"strokeWidth":1,"strokeDashArray":null,"strokeLineCap":"butt","strokeLineJoin":"miter","strokeMiterLimit":10,"scaleX":1,"scaleY":1,"angle":0,"flipX":false,"flipY":false,"opacity":1,"shadow":null,"visible":true,"clipTo":null,"backgroundColor":"","fillRule":"nonzero","globalCompositeOperation":"source-over","selectable":true,"evented":true,"path":[["M",7.483,16.269],["c",-2.133,0.324,-3.621,1.168,-4.422,2.504],["c",-1.134,1.89,-0.675,4.371,-0.339,5.58],["c",2.164,3.154,5.462,5.472,9.307,6.363],["c",-2.882,-3.611,-4.57,-8.258,-4.57,-13.457],["C",7.458,16.927,7.469,16.599,7.483,16.269],["z"]],"pathOffset":{"x":7.18417286036,"y":23.4925}},{"type":"path","originX":"left","originY":"top","left":1.19,"top":1.22,"width":10.78,"height":8.37,"fill":"#333181","stroke":null,"strokeWidth":1,"strokeDashArray":null,"strokeLineCap":"butt","strokeLineJoin":"miter","strokeMiterLimit":10,"scaleX":1,"scaleY":1,"angle":0,"flipX":false,"flipY":false,"opacity":1,"shadow":null,"visible":true,"clipTo":null,"backgroundColor":"","fillRule":"nonzero","globalCompositeOperation":"source-over","selectable":true,"evented":true,"path":[["M",9.932,7.334],["c",0.589,-1.104,1.269,-2.152,2.038,-3.134],["c",-1.835,-0.64,-2.397,-1.984,-2.453,-2.979],["C",5.762,2.808,2.754,5.825,1.188,9.595],["C",3.576,8.108,6.31,7.323,9.321,7.323],["C",9.522,7.325,9.728,7.33,9.932,7.334],["z"]],"pathOffset":{"x":6.579,"y":5.408}},{"type":"path","originX":"left","originY":"top","left":0,"top":8.63,"width":9.3,"height":12.56,"fill":"#333181","stroke":null,"strokeWidth":1,"strokeDashArray":null,"strokeLineCap":"butt","strokeLineJoin":"miter","strokeMiterLimit":10,"scaleX":1,"scaleY":1,"angle":0,"flipX":false,"flipY":false,"opacity":1,"shadow":null,"visible":true,"clipTo":null,"backgroundColor":"","fillRule":"nonzero","globalCompositeOperation":"source-over","selectable":true,"evented":true,"path":[["M",7.586,14.941],["c",0.244,-2.226,0.833,-4.35,1.712,-6.316],["c",-3.495,0.007,-6.413,1.1,-8.791,2.99],["C",0.175,12.874,0,14.196,0,15.562],["c",0,1.98,0.37,3.879,1.045,5.625],["c",0.06,-1.024,0.309,-2.098,0.894,-3.08],["C",2.989,16.355,4.891,15.291,7.586,14.941],["z"]],"pathOffset":{"x":4.649,"y":14.906}},{"type":"path","originX":"left","originY":"top","left":10.83,"top":0,"width":5.49,"height":3.11,"fill":"#333181","stroke":null,"strokeWidth":1,"strokeDashArray":null,"strokeLineCap":"butt","strokeLineJoin":"miter","strokeMiterLimit":10,"scaleX":1,"scaleY":1,"angle":0,"flipX":false,"flipY":false,"opacity":1,"shadow":null,"visible":true,"clipTo":null,"backgroundColor":"","fillRule":"nonzero","globalCompositeOperation":"source-over","selectable":true,"evented":true,"path":[["M",12.888,3.112],["c",1.029,-1.149,2.184,-2.187,3.439,-3.087],["c",-0.256,-0.013,-0.513,-0.02,-0.767,-0.02],["c",-2.982,0,-4.725,0.814,-4.725,0.814],["C",10.804,1.003,10.618,2.593,12.888,3.112],["z"]],"pathOffset":{"x":13.581,"y":1.5585}},{"type":"path","originX":"left","originY":"top","left":11.36,"top":4.25,"width":19.76,"height":17.4,"fill":"#333181","stroke":null,"strokeWidth":1,"strokeDashArray":null,"strokeLineCap":"butt","strokeLineJoin":"miter","strokeMiterLimit":10,"scaleX":1,"scaleY":1,"angle":0,"flipX":false,"flipY":false,"opacity":1,"shadow":null,"visible":true,"clipTo":null,"backgroundColor":"","fillRule":"nonzero","globalCompositeOperation":"source-over","selectable":true,"evented":true,"path":[["M",28.184,6.471],["l",-0.027,0.019],["c",-2.914,-3.642,-7.619,-1.747,-7.668,-1.728],["c",-1.279,0.53,-3.613,0.456,-7.125,-0.224],["c",-0.751,0.9,-1.424,1.869,-2.008,2.898],["c",0.254,0.026,0.512,0.056,0.772,0.093],["c",5.934,0.851,11.178,3.966,14.771,8.761],["c",1.25,1.67,2.248,3.474,2.979,5.364],["c",0.8,-1.87,1.24,-3.932,1.24,-6.092],["C",31.115,12.167,30.029,9.027,28.184,6.471],["z"]],"pathOffset":{"x":21.237,"y":12.9532107277}},{"type":"path","originX":"left","originY":"top","left":14.38,"top":0.25,"width":10.47,"height":3.58,"fill":"#333181","stroke":null,"strokeWidth":1,"strokeDashArray":null,"strokeLineCap":"butt","strokeLineJoin":"miter","strokeMiterLimit":10,"scaleX":1,"scaleY":1,"angle":0,"flipX":false,"flipY":false,"opacity":1,"shadow":null,"visible":true,"clipTo":null,"backgroundColor":"","fillRule":"nonzero","globalCompositeOperation":"source-over","selectable":true,"evented":true,"path":[["M",19.99,3.56],["c",1.086,-0.452,2.943,-0.836,4.865,-0.47],["c",-1.889,-1.416,-4.113,-2.403,-6.529,-2.839],["c",-1.447,0.883,-2.771,1.944,-3.946,3.154],["C",17.811,4.004,19.324,3.835,19.99,3.56],["z"]],"pathOffset":{"x":19.6175,"y":2.04212604495}},{"type":"path","originX":"left","originY":"top","left":8.76,"top":16.15,"width":12.54,"height":14.97,"fill":"#333181","stroke":null,"strokeWidth":1,"strokeDashArray":null,"strokeLineCap":"butt","strokeLineJoin":"miter","strokeMiterLimit":10,"scaleX":1,"scaleY":1,"angle":0,"flipX":false,"flipY":false,"opacity":1,"shadow":null,"visible":true,"clipTo":null,"backgroundColor":"","fillRule":"nonzero","globalCompositeOperation":"source-over","selectable":true,"evented":true,"path":[["M",16.574,23.626],["c",-1.293,-6.422,-5.12,-7.531,-7.781,-7.479],["c",-0.021,0.367,-0.031,0.735,-0.031,1.106],["c",0,5.353,1.922,10.207,5.259,13.783],["c",0.506,0.047,1.02,0.075,1.541,0.075],["c",2.023,0,3.961,-0.387,5.739,-1.092],["C",18.85,29.208,17.266,27.07,16.574,23.626],["z"]],"pathOffset":{"x":15.0315,"y":23.628148633}}]},{"type":"path-group","originX":"left","originY":"top","left":284.09,"top":131.33,"width":475.69,"height":475.7,"fill":"#ffffff","stroke":null,"strokeWidth":1,"strokeDashArray":null,"strokeLineCap":"butt","strokeLineJoin":"miter","strokeMiterLimit":10,"scaleX":0.64,"scaleY":0.64,"angle":0,"flipX":false,"flipY":false,"opacity":1,"shadow":null,"visible":true,"clipTo":null,"backgroundColor":"","fillRule":"nonzero","globalCompositeOperation":"source-over","name":"item_6","isrc":"http:\/\/localhost\/bulbandkey\/Dev\/media\/pdp\/images\/artworks\/Animal_svg\/cow12.svg","price":"0.00","object_type":"shape","selectable":true,"evented":true,"paths":[{"type":"polygon","originX":"left","originY":"top","left":0,"top":76.1,"width":475.69,"height":323.5,"fill":"#ffffff","stroke":null,"strokeWidth":1,"strokeDashArray":null,"strokeLineCap":"butt","strokeLineJoin":"miter","strokeMiterLimit":10,"scaleX":1,"scaleY":1,"angle":0,"flipX":false,"flipY":false,"opacity":1,"shadow":null,"visible":true,"clipTo":null,"backgroundColor":"","fillRule":"nonzero","globalCompositeOperation":"source-over","selectable":true,"evented":true,"points":[{"x":473.006,"y":155.496},{"x":421.754,"y":102.028},{"x":444.061,"y":87.801},{"x":445.363,"y":76.713},{"x":435.016,"y":76.096},{"x":408.182,"y":95.397},{"x":374.697,"y":95.426},{"x":354.199,"y":82.91},{"x":346.857,"y":84.409},{"x":346.965,"y":92.546},{"x":360.178,"y":107.18},{"x":358.436,"y":114.867},{"x":202.938,"y":131.59},{"x":41.869,"y":127.092},{"x":24.512,"y":134.368},{"x":11.727,"y":150.614},{"x":5.149,"y":188.614},{"x":3.987,"y":215.93},{"x":0,"y":241.437},{"x":1.096,"y":266.842},{"x":5.58,"y":267.759},{"x":12.098,"y":260.583},{"x":17.397,"y":236.746},{"x":13.102,"y":203.678},{"x":14.596,"y":203.453},{"x":24.692,"y":253.795},{"x":17.815,"y":297.485},{"x":24.094,"y":384.681},{"x":24.692,"y":394.337},{"x":30.811,"y":399.557},{"x":57.866,"y":399.599},{"x":66.584,"y":396.962},{"x":42.379,"y":357.545},{"x":54.387,"y":307.489},{"x":60.676,"y":307.5},{"x":82.619,"y":374.053},{"x":93.93,"y":391.139},{"x":99.51,"y":394.574},{"x":129.375,"y":394.596},{"x":133.207,"y":389.801},{"x":107.354,"y":373.92},{"x":89.825,"y":319.936},{"x":94.219,"y":311.172},{"x":104.516,"y":312.128},{"x":110.981,"y":327.958},{"x":120.346,"y":312.528},{"x":129.42,"y":328.024},{"x":137.106,"y":311.198},{"x":159.729,"y":293.808},{"x":240.008,"y":286.12},{"x":253.482,"y":302.593},{"x":264.838,"y":383.123},{"x":270.812,"y":394.694},{"x":298.166,"y":394.683},{"x":301.115,"y":390.347},{"x":284.489,"y":367.206},{"x":282.491,"y":323.141},{"x":291.469,"y":328.124},{"x":300.926,"y":357.395},{"x":312.953,"y":395.403},{"x":318.346,"y":399.584},{"x":342.82,"y":399.599},{"x":344.852,"y":394.072},{"x":337.697,"y":387.45},{"x":314.619,"y":342.349},{"x":319.939,"y":295.083},{"x":345.799,"y":275.954},{"x":383.469,"y":205.985},{"x":426.826,"y":185.969},{"x":466.697,"y":181.43},{"x":470.115,"y":177.724},{"x":475.695,"y":161.998}]}]},{"type":"image","originX":"left","originY":"top","left":12,"top":486.47,"width":125,"height":125,"fill":"rgb(0,0,0)","stroke":null,"strokeWidth":1,"strokeDashArray":null,"strokeLineCap":"butt","strokeLineJoin":"miter","strokeMiterLimit":10,"scaleX":0.8,"scaleY":0.8,"angle":0,"flipX":false,"flipY":false,"opacity":1,"shadow":null,"visible":true,"clipTo":null,"backgroundColor":"","fillRule":"nonzero","globalCompositeOperation":"source-over","name":"item_7","isrc":"http:\/\/localhost\/bulbandkey\/Dev\/media\/pdp\/images\/upload\/qrcode-1468819065.png","price":0,"object_type":"clipart","selectable":true,"evented":true,"src":"http:\/\/localhost\/bulbandkey\/Dev\/media\/pdp\/images\/upload\/qrcode-1468819065.png","filters":[],"crossOrigin":"","alignX":"none","alignY":"none","meetOrSlice":"meet"}],"background":"","scale":0.833333333333}}}