{"2":{"id":"2","product_id":"6","label":"T-Shirt Front","color_id":"0","inlay_w":"600","inlay_h":"600","inlay_t":"0","inlay_l":"0","filename":"filename1482559251.png","position":"0","status":"1","price":"0.00","overlay":"overlay1482559251.png","color_code":"ffffff","color_name":"White","background_type":"image","canvassize":"custom_size","canvaswidth":"600","canvasheight":"600","use_mask":"1","thumbnail":"resize\/resize_filename1482559251.png","background_path":"http:\/\/localhost\/bulbandkey\/media\/pdp\/images\/filename1482559251.png","sideSvg":"<?xml version=\"1.0\" encoding=\"UTF-8\" standalone=\"no\" ?><!DOCTYPE svg PUBLIC \"-\/\/W3C\/\/DTD SVG 1.1\/\/EN\" \"http:\/\/www.w3.org\/Graphics\/SVG\/1.1\/DTD\/svg11.dtd\">\n<svg xmlns=\"http:\/\/www.w3.org\/2000\/svg\" xmlns:xlink=\"http:\/\/www.w3.org\/1999\/xlink\" version=\"1.1\" width=\"100%\" height=\"100%\" viewBox=\"0 0 600 600\" xml:space=\"preserve\"><desc>Created with Fabric.js 1.5.0<\/desc><defs><\/defs><rect x=\"-250\" y=\"-250\" rx=\"0\" ry=\"0\" width=\"500\" height=\"500\" style=\"stroke: none; stroke-width: 1; stroke-dasharray: ; stroke-linecap: butt; stroke-linejoin: miter; stroke-miterlimit: 10; fill: rgb(208, 26, 116); fill-rule: nonzero; opacity: 1;\" transform=\"translate(300 300) scale(1.2 1.2)\"\/>\n<g transform=\"translate(300 300) scale(1.2 1.2)\">\n<image xlink:href=\"http:\/\/localhost\/bulbandkey\/media\/pdp\/images\/filename1482559251.png\" x=\"-250\" y=\"-250\" style=\"stroke: none; stroke-width: 1; stroke-dasharray: ; stroke-linecap: butt; stroke-linejoin: miter; stroke-miterlimit: 10; fill: rgb(0,0,0); fill-rule: nonzero; opacity: 1;\" width=\"500\" height=\"500\" preserveAspectRatio=\"xMinYMin slice\"><\/image>\n<\/g>\n<g transform=\"translate(300.01 300) scale(1.2 1.2)\">\n<image xlink:href=\"http:\/\/localhost\/bulbandkey\/media\/pdp\/images\/artworks\/filename1449503623.png\" x=\"-148.335\" y=\"-186.25\" style=\"stroke: none; stroke-width: 1; stroke-dasharray: ; stroke-linecap: butt; stroke-linejoin: miter; stroke-miterlimit: 10; fill: rgb(0,0,0); fill-rule: nonzero; opacity: 1;\" width=\"296.67\" height=\"372.5\" preserveAspectRatio=\"none\"><\/image>\n<\/g>\n<g transform=\"translate(300 300)\">\n<image xlink:href=\"http:\/\/localhost\/bulbandkey\/media\/pdp\/images\/overlay1482559251.png\" x=\"-300\" y=\"-300\" style=\"stroke: none; stroke-width: 1; stroke-dasharray: ; stroke-linecap: butt; stroke-linejoin: miter; stroke-miterlimit: 10; fill: rgb(0,0,0); fill-rule: nonzero; opacity: 1;\" width=\"600\" height=\"600\" preserveAspectRatio=\"none\"><\/image>\n<\/g>\n<\/svg>","json":{"objects":[{"type":"rect","originX":"left","originY":"top","left":0,"top":0,"width":500,"height":500,"fill":"rgb(208, 26, 116)","stroke":null,"strokeWidth":1,"strokeDashArray":null,"strokeLineCap":"butt","strokeLineJoin":"miter","strokeMiterLimit":10,"scaleX":1.2,"scaleY":1.2,"angle":0,"flipX":false,"flipY":false,"opacity":1,"shadow":null,"visible":true,"clipTo":null,"backgroundColor":"","fillRule":"nonzero","globalCompositeOperation":"source-over","object_type":"background_color","selectable":false,"evented":false,"rx":0,"ry":0},{"type":"image","originX":"left","originY":"top","left":0,"top":0,"width":500,"height":500,"fill":"rgb(0,0,0)","stroke":null,"strokeWidth":1,"strokeDashArray":null,"strokeLineCap":"butt","strokeLineJoin":"miter","strokeMiterLimit":10,"scaleX":1.2,"scaleY":1.2,"angle":0,"flipX":false,"flipY":false,"opacity":1,"shadow":null,"visible":true,"clipTo":null,"backgroundColor":"","fillRule":"nonzero","globalCompositeOperation":"source-over","isrc":"http:\/\/localhost\/bulbandkey\/media\/pdp\/images\/filename1482559251.png","price":0,"object_type":"background","selectable":false,"evented":false,"src":"http:\/\/localhost\/bulbandkey\/media\/pdp\/images\/filename1482559251.png","filters":[],"crossOrigin":"","alignX":"min","alignY":"min","meetOrSlice":"slice"},{"type":"image","originX":"left","originY":"top","left":122,"top":76.5,"width":296.67,"height":372.5,"fill":"rgb(0,0,0)","stroke":null,"strokeWidth":1,"strokeDashArray":null,"strokeLineCap":"butt","strokeLineJoin":"miter","strokeMiterLimit":10,"scaleX":1.2,"scaleY":1.2,"angle":0,"flipX":false,"flipY":false,"opacity":1,"shadow":null,"visible":true,"clipTo":null,"backgroundColor":"","fillRule":"nonzero","globalCompositeOperation":"source-over","name":"item_1","isrc":"http:\/\/localhost\/bulbandkey\/media\/pdp\/images\/artworks\/filename1449503623.png","price":"1.00","object_type":"clipart","selectable":true,"evented":true,"src":"http:\/\/localhost\/bulbandkey\/media\/pdp\/images\/artworks\/filename1449503623.png","filters":[],"crossOrigin":"","alignX":"none","alignY":"none","meetOrSlice":"meet"}],"background":"","overlayImage":{"type":"image","originX":"left","originY":"top","left":0,"top":0,"width":600,"height":600,"fill":"rgb(0,0,0)","stroke":null,"strokeWidth":1,"strokeDashArray":null,"strokeLineCap":"butt","strokeLineJoin":"miter","strokeMiterLimit":10,"scaleX":1,"scaleY":1,"angle":0,"flipX":false,"flipY":false,"opacity":1,"shadow":null,"visible":true,"clipTo":null,"backgroundColor":"","fillRule":"nonzero","globalCompositeOperation":"source-over","src":"http:\/\/localhost\/bulbandkey\/media\/pdp\/images\/overlay1482559251.png","filters":[],"crossOrigin":"","alignX":"none","alignY":"none","meetOrSlice":"meet"},"scale":0.83333333333333},"final_price":"1.00"},"3":{"id":"3","product_id":"6","label":"Back","color_id":"0","inlay_w":"500","inlay_h":"500","inlay_t":"0","inlay_l":"0","filename":"filename1482559275.png","position":"0","status":"1","price":"0.00","overlay":"overlay1482559275.png","color_code":"","color_name":"","background_type":"image","canvassize":"custom_size","canvaswidth":"500","canvasheight":"500","use_mask":"1","thumbnail":"resize\/resize_filename1482559275.png","final_price":0}}