{"2":{"id":"2","product_id":"6","label":"T-Shirt Front","color_id":"0","inlay_w":"522","inlay_h":"500","inlay_t":"0","inlay_l":"0","filename":"filename1473481857.png","position":"0","status":"1","price":"0.00","overlay":"overlay1473481857.png","color_code":"ffffff","color_name":"White","background_type":"image","canvassize":"custom_size","canvaswidth":"450","canvasheight":"450","use_mask":"1","thumbnail":"resize\/resize_filename1473481857.png","background_path":"http:\/\/localhost\/bulbandkey\/Dev\/media\/pdp\/images\/filename1473481857.png","sideSvg":"<?xml version=\"1.0\" encoding=\"UTF-8\" standalone=\"no\" ?><!DOCTYPE svg PUBLIC \"-\/\/W3C\/\/DTD SVG 1.1\/\/EN\" \"http:\/\/www.w3.org\/Graphics\/SVG\/1.1\/DTD\/svg11.dtd\">\n<svg xmlns=\"http:\/\/www.w3.org\/2000\/svg\" xmlns:xlink=\"http:\/\/www.w3.org\/1999\/xlink\" version=\"1.1\" width=\"100%\" height=\"100%\" viewBox=\"0 0 450 450\" xml:space=\"preserve\"><desc>Created with Fabric.js 1.5.0<\/desc><defs><\/defs><rect x=\"-225\" y=\"-225\" rx=\"0\" ry=\"0\" width=\"450\" height=\"450\" style=\"stroke: none; stroke-width: 1; stroke-dasharray: ; stroke-linecap: butt; stroke-linejoin: miter; stroke-miterlimit: 10; fill: rgb(155, 15, 51); fill-rule: nonzero; opacity: 1;\" transform=\"translate(225 225)\"\/>\n<g transform=\"translate(225 225)\">\n<image xlink:href=\"http:\/\/localhost\/bulbandkey\/Dev\/media\/pdp\/images\/filename1473481857.png\" x=\"-225\" y=\"-225\" style=\"stroke: none; stroke-width: 1; stroke-dasharray: ; stroke-linecap: butt; stroke-linejoin: miter; stroke-miterlimit: 10; fill: rgb(0,0,0); fill-rule: nonzero; opacity: 1;\" width=\"450\" height=\"450\" preserveAspectRatio=\"xMinYMin slice\"><\/image>\n<\/g>\n<g transform=\"translate(221.21 335.65) scale(0.06 0.1)\">\n<image xlink:href=\"http:\/\/localhost\/bulbandkey\/Dev\/media\/pdp\/images\/artworks\/filename1450316552.jpg\" x=\"-512\" y=\"-341.5\" style=\"stroke: none; stroke-width: 1; stroke-dasharray: ; stroke-linecap: butt; stroke-linejoin: miter; stroke-miterlimit: 10; fill: rgb(0,0,0); fill-rule: nonzero; opacity: 1;\" width=\"1024\" height=\"683\" preserveAspectRatio=\"none\"><\/image>\n<\/g>\n<g transform=\"translate(196.02 138.01) scale(0.14 0.14)\">\n<image xlink:href=\"http:\/\/localhost\/bulbandkey\/Dev\/media\/pdp\/images\/artworks\/filename1449504103.png\" x=\"-366.5\" y=\"-256.5\" style=\"stroke: none; stroke-width: 1; stroke-dasharray: ; stroke-linecap: butt; stroke-linejoin: miter; stroke-miterlimit: 10; fill: rgb(0,0,0); fill-rule: nonzero; opacity: 1;\" width=\"733\" height=\"513\" preserveAspectRatio=\"none\"><\/image>\n<\/g>\n<g style=\"stroke: none; stroke-width: 1; stroke-dasharray: ; stroke-linecap: butt; stroke-linejoin: miter; stroke-miterlimit: 10; fill: #000; fill-rule: nonzero; opacity: 1;\" transform=\"translate(172.3 172.3) scale(0.22 0.22)\" >\n<path d=\"M 450.048 52.671 c -39 -39 -102.458 -39 -141.459 0 c -18.893 18.893 -29.297 44.012 -29.297 70.73 s 10.404 51.837 29.297 70.729 c 9.697 9.698 21.037 17.152 33.39 22.117 c -4.341 6.043 -8.776 10.443 -12.119 12.907 c -14.429 10.641 -27.214 23.147 -37.955 36.986 c -1.249 -7.48 -3.359 -14.908 -6.354 -22.165 c -12.59 -30.502 -38.181 -52.394 -70.213 -60.062 l -11.639 -2.786 c -0.225 -0.96 -0.45 -1.92 -0.675 -2.893 c -13.006 -56.303 -60.25 -98.86 -117.562 -105.898 c -5.477 -0.672 -10.472 3.225 -11.144 8.707 c -0.673 5.481 3.225 10.471 8.707 11.144 c 48.999 6.018 89.392 42.406 100.513 90.549 c 5.108 22.112 10.265 41.067 15.328 56.339 c 1.392 4.198 5.298 6.856 9.491 6.856 c 1.043 0 2.104 -0.165 3.148 -0.511 c 5.242 -1.738 8.083 -7.397 6.345 -12.639 c -2.878 -8.681 -5.798 -18.653 -8.731 -29.792 l 1.563 0.374 c 25.718 6.157 46.269 23.741 56.382 48.243 c 9.891 23.964 7.828 50.245 -5.658 72.099 c -0.413 0.669 -0.834 1.332 -1.265 1.99 c -3.027 4.62 -1.737 10.818 2.883 13.845 c 1.69 1.108 3.591 1.637 5.472 1.637 c 3.259 0 6.454 -1.591 8.373 -4.52 c 0.529 -0.807 1.046 -1.621 1.556 -2.445 c 5.487 -8.891 9.456 -18.365 11.904 -28.129 c 11.599 -23.55 29.364 -44.58 51.401 -60.831 c 7.184 -5.296 14.529 -13.712 20.447 -23.279 c 5.607 0.963 11.336 1.455 17.141 1.455 c 6.752 0 13.401 -0.667 19.874 -1.965 c -8.327 29.997 -15.308 56.249 -20.789 78.196 c -12.799 51.234 -46.656 116.847 -76.659 132.862 c -6.238 3.33 -11.664 4.155 -16.573 2.514 c -144.404 -66.195 -173.487 -134.72 -179.289 -161.127 c -1.099 -5.002 -5.771 -8.304 -10.747 -7.807 c -24.202 -6.111 -45.091 -21.067 -58.928 -42.228 c -14.337 -21.925 -19.392 -48.205 -14.231 -73.998 c 1.083 -5.416 -2.428 -10.684 -7.844 -11.768 c -5.414 -1.081 -10.685 2.428 -11.768 7.844 c -6.195 30.967 -0.121 62.527 17.104 88.868 c 16.182 24.745 40.43 42.424 68.59 50.101 c 4.775 16.553 15.598 40.011 39.85 67.018 c 33.506 37.312 83.759 71.454 149.365 101.479 c 0.254 0.117 0.513 0.222 0.776 0.316 c 3.978 1.432 8.051 2.146 12.204 2.146 c 6.783 0 13.778 -1.908 20.909 -5.714 c 22.075 -11.783 40.882 -39.672 52.772 -60.994 c 14.647 -26.265 26.993 -57.124 33.873 -84.665 c 6.212 -24.873 14.373 -55.349 24.262 -90.616 c 10.259 -4.855 19.715 -11.495 27.979 -19.759 C 489.048 155.13 489.048 91.672 450.048 52.671 z M 379.319 203.427 c -21.376 0 -41.472 -8.324 -56.587 -23.439 c -15.115 -15.115 -23.439 -35.211 -23.439 -56.587 s 8.324 -41.473 23.439 -56.587 c 15.601 -15.601 36.094 -23.402 56.587 -23.402 s 40.986 7.801 56.587 23.401 c 31.202 31.203 31.203 81.973 0 113.175 C 420.791 195.103 400.694 203.427 379.319 203.427 z\" style=\"stroke: none; stroke-width: 1; stroke-dasharray: ; stroke-linecap: butt; stroke-linejoin: miter; stroke-miterlimit: 10; fill: #000; fill-rule: nonzero; opacity: 1;\" transform=\"\" stroke-linecap=\"round\" \/>\n<path d=\"M 360.79 104.872 c -10.216 10.216 -10.216 26.84 0 37.058 c 5.108 5.108 11.818 7.662 18.528 7.662 c 6.71 0 13.42 -2.554 18.529 -7.662 v 0 c 10.216 -10.217 10.216 -26.841 0 -37.057 C 387.632 94.656 371.008 94.656 360.79 104.872 z M 383.705 127.787 c -2.419 2.418 -6.354 2.419 -8.772 0 c -2.419 -2.419 -2.419 -6.354 0 -8.773 c 1.209 -1.209 2.798 -1.814 4.387 -1.814 c 1.588 0 3.177 0.604 4.386 1.814 C 386.123 121.433 386.123 125.368 383.705 127.787 z\" style=\"stroke: none; stroke-width: 1; stroke-dasharray: ; stroke-linecap: butt; stroke-linejoin: miter; stroke-miterlimit: 10; fill: #000; fill-rule: nonzero; opacity: 1;\" transform=\"\" stroke-linecap=\"round\" \/>\n<path d=\"M 430.439 72.28 c -28.188 -28.188 -74.053 -28.188 -102.241 0 c -28.188 28.188 -28.188 74.053 0 102.241 c 14.094 14.094 32.607 21.141 51.121 21.141 s 37.026 -7.047 51.121 -21.141 C 458.627 146.333 458.627 100.468 430.439 72.28 z M 416.297 160.379 c -20.39 20.391 -53.566 20.391 -73.956 0 c -20.39 -20.39 -20.39 -53.566 0 -73.956 c 10.195 -10.195 23.586 -15.292 36.978 -15.292 s 26.783 5.097 36.978 15.292 C 436.687 106.812 436.687 139.989 416.297 160.379 z\" style=\"stroke: none; stroke-width: 1; stroke-dasharray: ; stroke-linecap: butt; stroke-linejoin: miter; stroke-miterlimit: 10; fill: #000; fill-rule: nonzero; opacity: 1;\" transform=\"\" stroke-linecap=\"round\" \/>\n<\/g>\n<g style=\"stroke: none; stroke-width: 1; stroke-dasharray: ; stroke-linecap: butt; stroke-linejoin: miter; stroke-miterlimit: 10; fill: #fdf027; fill-rule: nonzero; opacity: 1;\" transform=\"translate(210.58999999999997 109.21999999999998) scale(0.58 0.58)\" >\n<path d=\"m 358.58 243 c -5.2019 0 -9.4062 4.3803 -9.4062 9.75 s 4.2043 9.7188 9.4062 9.7188 c 2.601 0 4.9518 -1.0843 6.6562 -2.8438 l 74.25 57.844 l -2.4062 2.4062 s 0.70536 5.0089 1.0625 6.4375 s 4.4688 4.0938 4.4688 4.0938 s 2.8571 2.8661 2.5 3.9375 c -0.35715 1.0714 2.3214 5.7054 2.5 7.3125 c 0.17857 1.6072 7.3125 8.2188 7.3125 8.2188 s 6.0804 6.7857 6.4375 7.5 c 0.35714 0.71429 3.2188 3.0312 3.2188 3.0312 l 5.5312 2.875 l 3.0312 3.5625 l 2.1562 4.625 v 3.5938 c 0 1.0714 0.36161 8.5759 0.71875 9.4688 c 0.35715 0.89286 0.34375 9.0938 0.34375 9.0938 s -1.0536 8.7634 -0.875 9.6562 c 0.17857 0.89286 -0.5625 3.0312 -0.5625 3.0312 l -1.5938 5.7188 l -1.7812 5.5312 l -1.625 8.375 l -4.2812 5 s -6.5982 6.9643 -7.3125 7.5 c -0.71428 0.53572 -3.9241 5.3661 -5.5312 6.4375 c -1.6072 1.0714 -6.0625 16.594 -6.0625 16.594 l -3.9375 7.6875 l -3.0312 6.9688 l -0.90625 13.75 l -1.5938 13.406 s -1.6027 5.3304 -1.7812 6.9375 c -0.17857 1.6071 -1.0982 2.8705 -1.8125 4.6562 c -0.71428 1.7857 -0.51339 1.2455 -2.6562 4.2812 s -1.0938 1.0714 -2.3438 2.5 s -0.33929 1.2679 -0.875 2.875 c -0.53572 1.6071 0.16518 0.69197 0.34375 1.4062 c 0.17857 0.71429 -1.4286 1.6072 -3.75 3.75 c -2.3214 2.1429 -2.683 3.3973 -3.2188 5.7188 c -0.53571 2.3214 0.91071 3.7411 1.625 4.8125 c 0.71428 1.0714 4.625 2.5179 5.875 2.875 c 1.25 0.35714 6.8125 -2.3125 6.8125 -2.3125 s 3.0178 -2.5268 3.375 -4.3125 c 0.35714 -1.7857 1.7902 -5.8884 1.9688 -6.7812 c 0.17857 -0.89285 1.7812 -3.75 1.7812 -3.75 s 1.0804 -3.3795 1.4375 -4.0938 c 0.35714 -0.71429 1.4375 -5.1875 1.4375 -5.1875 s 0.87054 -9.8214 1.4062 -12.5 c 0.53571 -2.6786 1.7812 -4.8125 1.7812 -4.8125 s 3.942 -5.7232 4.6562 -6.4375 c 0.71429 -0.71429 1.9732 -3.5625 2.6875 -4.8125 c 0.71429 -1.25 1.7679 -9.1116 2.125 -10.719 c 0.35714 -1.6071 1.9688 -4.8125 1.9688 -4.8125 l 4.2812 -2.875 l 3.5938 -2.8438 l 5.5312 -0.375 s 3.5536 -1.4018 4.625 -1.9375 c 1.0714 -0.53571 1.4464 -1.0848 2.875 -2.1562 s 1.7812 -1.0625 1.7812 -1.0625 s -0.0134 2.3125 0.34375 3.5625 c 0.35714 1.25 -0.17857 4.6295 0 5.3438 c 0.17857 0.71428 -0.16518 0.73214 -0.34375 1.625 s -2.3304 3.5759 -2.6875 4.4688 c -0.35715 0.89285 -2.6875 4.8125 -2.6875 4.8125 s -2.2991 5.3482 -2.6562 7.3125 c -0.35714 1.9643 -1.2679 3.5804 -1.625 5.1875 c -0.35714 1.6072 -2.125 4.6562 -2.125 4.6562 l -3.0312 3.9062 s -1.9688 2.4955 -3.2188 4.2812 s -2.3304 3.5714 -3.9375 6.25 s -2.6786 5.0045 -3.75 6.9688 s -1.9554 4.2946 -2.3125 5.1875 c -0.35714 0.89286 -4.6562 5.9062 -4.6562 5.9062 s -3.0179 4.2634 -3.375 5.1562 c -0.35714 0.89286 -4.1161 5.3527 -5.1875 6.7812 c -1.0714 1.4286 -2.6696 2.3259 -3.5625 3.2188 c -0.89286 0.89286 -2.8795 1.808 -3.5938 2.3438 c -0.71429 0.53572 -3.3884 2.125 -4.2812 3.375 c -0.89286 1.25 -1.067 2.6875 -0.53125 3.9375 c 0.53572 1.25 1.6071 3.2188 2.5 4.4688 c 0.89286 1.25 4.8348 4.1116 5.9062 4.4688 c 1.0714 0.35714 6.9375 -1.0938 6.9375 -1.0938 s -0.16072 -1.9464 0.375 -3.375 c 0.53571 -1.4286 2.4866 -4.4643 2.8438 -6.25 c 0.35714 -1.7857 4.2812 -6.625 4.2812 -6.625 l 4.125 -7.125 s 10.348 -10.362 11.062 -10.719 c 0.71428 -0.35714 11.446 -13.036 11.625 -13.75 c 0.17857 -0.71429 6.9375 -13.219 6.9375 -13.219 s 5.3661 -7.317 6.4375 -8.0312 c 1.0714 -0.71429 10.188 -13.562 10.188 -13.562 l 1.4375 -1.625 s 4.817 -3.9196 5.5312 -4.8125 c 0.71429 -0.89286 1.7812 -2.6875 1.7812 -2.6875 l 3.0312 -5.5312 s 4.8304 -8.0402 5.1875 -9.4688 c 0.35716 -1.4286 3.2188 -13.75 3.2188 -13.75 l 1.0625 -1.25 l 5.5312 -1.9688 l 1.0625 -1.5938 s -0.15625 -3.7679 -0.15625 -5.375 c 0 -1.6072 0.51786 -8.5491 -0.375 -10.156 c -0.89285 -1.6072 -1.2589 -13.232 -1.4375 -14.125 c -0.17856 -0.89285 -0.86606 -15.701 -0.6875 -16.594 c 0.17858 -0.89286 -0.1875 -3.2188 -0.1875 -3.2188 s 0.89286 -4.6295 1.25 -6.5938 c 0.35715 -1.9643 0.54019 -3.2232 0.71875 -3.9375 c 0.17858 -0.71429 0.35269 -4.0982 0.53125 -4.8125 c 0.17858 -0.71428 0.53125 -3.5714 0.53125 -5 s -0.004 -3.2188 -0.71875 -5.7188 c -0.71428 -2.5 -1.433 -2.5045 -1.9688 -3.2188 c -0.5357 -0.71429 -2.5044 -2.3304 -3.2188 -2.6875 c -0.71427 -0.35714 -5.1562 -2.6875 -5.1562 -2.6875 s 0.17411 -1.058 0.53125 -2.8438 c 0.35715 -1.7857 0.54019 -3.0446 0.71875 -3.9375 c 0.17858 -0.89285 2.3125 -1.9688 3.5625 -3.2188 s 1.5938 -2.8438 1.5938 -2.8438 s 1.25 -2.3259 1.25 -3.2188 c 0 -0.89286 0.35716 -2.683 1.25 -4.4688 c 0.89287 -1.7857 -0.50892 -4.2812 -0.6875 -5.5312 c -0.17856 -1.25 -1.7946 -3.7589 -2.6875 -5.1875 c -0.89285 -1.4286 -3.0312 -4.2812 -3.0312 -4.2812 s -3.9375 -2.1428 -5.1875 -2.5 c -1.25 -0.35714 -6.7812 -0.34375 -6.7812 -0.34375 l -6.4375 4.2812 s -1.9688 4.6339 -1.9688 6.0625 s -2.8527 6.6072 -3.0312 7.5 c -0.17858 0.89286 -0.70089 5 -0.34375 6.25 c 0.35715 1.25 0.15625 3.9375 0.15625 3.9375 l -0.6875 6.25 l -1.9688 -0.53125 l -4.125 -3.75 l -13.906 -8.75 l -12.688 -7.1562 l -10 -8.75 l -2.6875 -4.8125 s -1.7679 -4.4732 -2.125 -5.1875 c -0.35714 -0.71428 -2.3438 1.9688 -2.3438 1.9688 l -3.0312 1.7812 l -3.7188 1.75 l -74.938 -58.344 c 0.97868 -1.5332 1.5625 -3.3703 1.5625 -5.3438 c 0 -5.3697 -4.2356 -9.75 -9.4375 -9.75 z\" style=\"stroke: none; stroke-width: 1; stroke-dasharray: ; stroke-linecap: butt; stroke-linejoin: miter; stroke-miterlimit: 10; fill: #fdf027; fill-rule: nonzero; opacity: 1;\" transform=\" matrix(1 0 0 1 -349.17 -243) \" stroke-linecap=\"round\" \/>\n<\/g>\n<g transform=\"translate(225 225)\">\n<image xlink:href=\"http:\/\/localhost\/bulbandkey\/Dev\/media\/pdp\/images\/overlay1473481857.png\" x=\"-225\" y=\"-225\" style=\"stroke: none; stroke-width: 1; stroke-dasharray: ; stroke-linecap: butt; stroke-linejoin: miter; stroke-miterlimit: 10; fill: rgb(0,0,0); fill-rule: nonzero; opacity: 1;\" width=\"450\" height=\"450\" preserveAspectRatio=\"none\"><\/image>\n<\/g>\n<\/svg>","json":{"objects":[{"type":"rect","originX":"left","originY":"top","left":0,"top":0,"width":450,"height":450,"fill":"rgb(155, 15, 51)","stroke":null,"strokeWidth":1,"strokeDashArray":null,"strokeLineCap":"butt","strokeLineJoin":"miter","strokeMiterLimit":10,"scaleX":1,"scaleY":1,"angle":0,"flipX":false,"flipY":false,"opacity":1,"shadow":null,"visible":true,"clipTo":null,"backgroundColor":"","fillRule":"nonzero","globalCompositeOperation":"source-over","object_type":"background_color","selectable":false,"evented":false,"rx":0,"ry":0},{"type":"image","originX":"left","originY":"top","left":0,"top":0,"width":450,"height":450,"fill":"rgb(0,0,0)","stroke":null,"strokeWidth":1,"strokeDashArray":null,"strokeLineCap":"butt","strokeLineJoin":"miter","strokeMiterLimit":10,"scaleX":1,"scaleY":1,"angle":0,"flipX":false,"flipY":false,"opacity":1,"shadow":null,"visible":true,"clipTo":null,"backgroundColor":"","fillRule":"nonzero","globalCompositeOperation":"source-over","isrc":"http:\/\/localhost\/bulbandkey\/Dev\/media\/pdp\/images\/filename1473481857.png","price":0,"object_type":"background","selectable":false,"evented":false,"src":"http:\/\/localhost\/bulbandkey\/Dev\/media\/pdp\/images\/filename1473481857.png","filters":[],"crossOrigin":"","alignX":"min","alignY":"min","meetOrSlice":"slice"},{"type":"image","originX":"left","originY":"top","left":190.49,"top":301.5,"width":1024,"height":683,"fill":"rgb(0,0,0)","stroke":null,"strokeWidth":1,"strokeDashArray":null,"strokeLineCap":"butt","strokeLineJoin":"miter","strokeMiterLimit":10,"scaleX":0.06,"scaleY":0.1,"angle":0,"flipX":false,"flipY":false,"opacity":1,"shadow":null,"visible":true,"clipTo":null,"backgroundColor":"","fillRule":"nonzero","globalCompositeOperation":"source-over","name":"item_1","isrc":"http:\/\/localhost\/bulbandkey\/Dev\/media\/pdp\/images\/artworks\/filename1450316552.jpg","price":"0.00","object_type":"image","selectable":true,"evented":true,"src":"http:\/\/localhost\/bulbandkey\/Dev\/media\/pdp\/images\/artworks\/filename1450316552.jpg","filters":[],"crossOrigin":"","alignX":"none","alignY":"none","meetOrSlice":"meet"},{"type":"image","originX":"left","originY":"top","left":144.71,"top":102.1,"width":733,"height":513,"fill":"rgb(0,0,0)","stroke":null,"strokeWidth":1,"strokeDashArray":null,"strokeLineCap":"butt","strokeLineJoin":"miter","strokeMiterLimit":10,"scaleX":0.14,"scaleY":0.14,"angle":0,"flipX":false,"flipY":false,"opacity":1,"shadow":null,"visible":true,"clipTo":null,"backgroundColor":"","fillRule":"nonzero","globalCompositeOperation":"source-over","name":"item_2","isrc":"http:\/\/localhost\/bulbandkey\/Dev\/media\/pdp\/images\/artworks\/filename1449504103.png","price":"1.00","object_type":"clipart","selectable":true,"evented":true,"src":"http:\/\/localhost\/bulbandkey\/Dev\/media\/pdp\/images\/artworks\/filename1449504103.png","filters":[],"crossOrigin":"","alignX":"none","alignY":"none","meetOrSlice":"meet"},{"type":"path-group","originX":"left","originY":"top","left":172.3,"top":172.3,"width":479.3,"height":479.3,"fill":"#000","stroke":null,"strokeWidth":1,"strokeDashArray":null,"strokeLineCap":"butt","strokeLineJoin":"miter","strokeMiterLimit":10,"scaleX":0.22,"scaleY":0.22,"angle":0,"flipX":false,"flipY":false,"opacity":1,"shadow":null,"visible":true,"clipTo":null,"backgroundColor":"","fillRule":"nonzero","globalCompositeOperation":"source-over","name":"item_3","isrc":"http:\/\/localhost\/bulbandkey\/Dev\/media\/pdp\/images\/artworks\/Sport_svg\/bodyparts71.svg","price":"0.00","object_type":"shape","selectable":true,"evented":true,"paths":[{"type":"path","originX":"left","originY":"top","left":0,"top":23.42,"width":479.3,"height":432.46,"fill":"#000","stroke":null,"strokeWidth":1,"strokeDashArray":null,"strokeLineCap":"butt","strokeLineJoin":"miter","strokeMiterLimit":10,"scaleX":1,"scaleY":1,"angle":0,"flipX":false,"flipY":false,"opacity":1,"shadow":null,"visible":true,"clipTo":null,"backgroundColor":"","fillRule":"nonzero","globalCompositeOperation":"source-over","selectable":true,"evented":true,"path":[["M",450.048,52.671],["c",-39,-39,-102.458,-39,-141.459,0],["c",-18.893,18.893,-29.297,44.012,-29.297,70.73],["s",10.404,51.837,29.297,70.729],["c",9.697,9.698,21.037,17.152,33.39,22.117],["c",-4.341,6.043,-8.776,10.443,-12.119,12.907],["c",-14.429,10.641,-27.214,23.147,-37.955,36.986],["c",-1.249,-7.48,-3.359,-14.908,-6.354,-22.165],["c",-12.59,-30.502,-38.181,-52.394,-70.213,-60.062],["l",-11.639,-2.786],["c",-0.225,-0.96,-0.45,-1.92,-0.675,-2.893],["c",-13.006,-56.303,-60.25,-98.86,-117.562,-105.898],["c",-5.477,-0.672,-10.472,3.225,-11.144,8.707],["c",-0.673,5.481,3.225,10.471,8.707,11.144],["c",48.999,6.018,89.392,42.406,100.513,90.549],["c",5.108,22.112,10.265,41.067,15.328,56.339],["c",1.392,4.198,5.298,6.856,9.491,6.856],["c",1.043,0,2.104,-0.165,3.148,-0.511],["c",5.242,-1.738,8.083,-7.397,6.345,-12.639],["c",-2.878,-8.681,-5.798,-18.653,-8.731,-29.792],["l",1.563,0.374],["c",25.718,6.157,46.269,23.741,56.382,48.243],["c",9.891,23.964,7.828,50.245,-5.658,72.099],["c",-0.413,0.669,-0.834,1.332,-1.265,1.99],["c",-3.027,4.62,-1.737,10.818,2.883,13.845],["c",1.69,1.108,3.591,1.637,5.472,1.637],["c",3.259,0,6.454,-1.591,8.373,-4.52],["c",0.529,-0.807,1.046,-1.621,1.556,-2.445],["c",5.487,-8.891,9.456,-18.365,11.904,-28.129],["c",11.599,-23.55,29.364,-44.58,51.401,-60.831],["c",7.184,-5.296,14.529,-13.712,20.447,-23.279],["c",5.607,0.963,11.336,1.455,17.141,1.455],["c",6.752,0,13.401,-0.667,19.874,-1.965],["c",-8.327,29.997,-15.308,56.249,-20.789,78.196],["c",-12.799,51.234,-46.656,116.847,-76.659,132.862],["c",-6.238,3.33,-11.664,4.155,-16.573,2.514],["c",-144.404,-66.195,-173.487,-134.72,-179.289,-161.127],["c",-1.099,-5.002,-5.771,-8.304,-10.747,-7.807],["c",-24.202,-6.111,-45.091,-21.067,-58.928,-42.228],["c",-14.337,-21.925,-19.392,-48.205,-14.231,-73.998],["c",1.083,-5.416,-2.428,-10.684,-7.844,-11.768],["c",-5.414,-1.081,-10.685,2.428,-11.768,7.844],["c",-6.195,30.967,-0.121,62.527,17.104,88.868],["c",16.182,24.745,40.43,42.424,68.59,50.101],["c",4.775,16.553,15.598,40.011,39.85,67.018],["c",33.506,37.312,83.759,71.454,149.365,101.479],["c",0.254,0.117,0.513,0.222,0.776,0.316],["c",3.978,1.432,8.051,2.146,12.204,2.146],["c",6.783,0,13.778,-1.908,20.909,-5.714],["c",22.075,-11.783,40.882,-39.672,52.772,-60.994],["c",14.647,-26.265,26.993,-57.124,33.873,-84.665],["c",6.212,-24.873,14.373,-55.349,24.262,-90.616],["c",10.259,-4.855,19.715,-11.495,27.979,-19.759],["C",489.048,155.13,489.048,91.672,450.048,52.671],["z"],["M",379.319,203.427],["c",-21.376,0,-41.472,-8.324,-56.587,-23.439],["c",-15.115,-15.115,-23.439,-35.211,-23.439,-56.587],["s",8.324,-41.473,23.439,-56.587],["c",15.601,-15.601,36.094,-23.402,56.587,-23.402],["s",40.986,7.801,56.587,23.401],["c",31.202,31.203,31.203,81.973,0,113.175],["C",420.791,195.103,400.694,203.427,379.319,203.427],["z"]],"pathOffset":{"x":239.648827644,"y":239.65}},{"type":"path","originX":"left","originY":"top","left":353.13,"top":97.21,"width":52.38,"height":52.38,"fill":"#000","stroke":null,"strokeWidth":1,"strokeDashArray":null,"strokeLineCap":"butt","strokeLineJoin":"miter","strokeMiterLimit":10,"scaleX":1,"scaleY":1,"angle":0,"flipX":false,"flipY":false,"opacity":1,"shadow":null,"visible":true,"clipTo":null,"backgroundColor":"","fillRule":"nonzero","globalCompositeOperation":"source-over","selectable":true,"evented":true,"path":[["M",360.79,104.872],["c",-10.216,10.216,-10.216,26.84,0,37.058],["c",5.108,5.108,11.818,7.662,18.528,7.662],["c",6.71,0,13.42,-2.554,18.529,-7.662],["v",0],["c",10.216,-10.217,10.216,-26.841,0,-37.057],["C",387.632,94.656,371.008,94.656,360.79,104.872],["z"],["M",383.705,127.787],["c",-2.419,2.418,-6.354,2.419,-8.772,0],["c",-2.419,-2.419,-2.419,-6.354,0,-8.773],["c",1.209,-1.209,2.798,-1.814,4.387,-1.814],["c",1.588,0,3.177,0.604,4.386,1.814],["C",386.123,121.433,386.123,125.368,383.705,127.787],["z"]],"pathOffset":{"x":379.3185,"y":123.401}},{"type":"path","originX":"left","originY":"top","left":307.06,"top":51.14,"width":144.52,"height":144.52,"fill":"#000","stroke":null,"strokeWidth":1,"strokeDashArray":null,"strokeLineCap":"butt","strokeLineJoin":"miter","strokeMiterLimit":10,"scaleX":1,"scaleY":1,"angle":0,"flipX":false,"flipY":false,"opacity":1,"shadow":null,"visible":true,"clipTo":null,"backgroundColor":"","fillRule":"nonzero","globalCompositeOperation":"source-over","selectable":true,"evented":true,"path":[["M",430.439,72.28],["c",-28.188,-28.188,-74.053,-28.188,-102.241,0],["c",-28.188,28.188,-28.188,74.053,0,102.241],["c",14.094,14.094,32.607,21.141,51.121,21.141],["s",37.026,-7.047,51.121,-21.141],["C",458.627,146.333,458.627,100.468,430.439,72.28],["z"],["M",416.297,160.379],["c",-20.39,20.391,-53.566,20.391,-73.956,0],["c",-20.39,-20.39,-20.39,-53.566,0,-73.956],["c",10.195,-10.195,23.586,-15.292,36.978,-15.292],["s",26.783,5.097,36.978,15.292],["C",436.687,106.812,436.687,139.989,416.297,160.379],["z"]],"pathOffset":{"x":379.3185,"y":123.4005}}]},{"type":"path-group","originX":"left","originY":"top","left":210.59,"top":109.22,"width":181.66,"height":321.59,"fill":"#fdf027","stroke":null,"strokeWidth":1,"strokeDashArray":null,"strokeLineCap":"butt","strokeLineJoin":"miter","strokeMiterLimit":10,"scaleX":0.58,"scaleY":0.58,"angle":0,"flipX":false,"flipY":false,"opacity":1,"shadow":null,"visible":true,"clipTo":null,"backgroundColor":"","fillRule":"nonzero","globalCompositeOperation":"source-over","name":"item_4","isrc":"http:\/\/localhost\/bulbandkey\/Dev\/media\/pdp\/images\/artworks\/Custom-Image-1414985109.svg","price":"0.00","object_type":"shape","selectable":true,"evented":true,"paths":[{"type":"path","originX":"left","originY":"top","left":349.17,"top":243,"width":181.66,"height":321.59,"fill":"#fdf027","stroke":null,"strokeWidth":1,"strokeDashArray":null,"strokeLineCap":"butt","strokeLineJoin":"miter","strokeMiterLimit":10,"scaleX":1,"scaleY":1,"angle":0,"flipX":false,"flipY":false,"opacity":1,"shadow":null,"visible":true,"clipTo":null,"backgroundColor":"","fillRule":"nonzero","globalCompositeOperation":"source-over","selectable":true,"evented":true,"path":[["m",358.58,243],["c",-5.2019,0,-9.4062,4.3803,-9.4062,9.75],["s",4.2043,9.7188,9.4062,9.7188],["c",2.601,0,4.9518,-1.0843,6.6562,-2.8438],["l",74.25,57.844],["l",-2.4062,2.4062],["s",0.70536,5.0089,1.0625,6.4375],["s",4.4688,4.0938,4.4688,4.0938],["s",2.8571,2.8661,2.5,3.9375],["c",-0.35715,1.0714,2.3214,5.7054,2.5,7.3125],["c",0.17857,1.6072,7.3125,8.2188,7.3125,8.2188],["s",6.0804,6.7857,6.4375,7.5],["c",0.35714,0.71429,3.2188,3.0312,3.2188,3.0312],["l",5.5312,2.875],["l",3.0312,3.5625],["l",2.1562,4.625],["v",3.5938],["c",0,1.0714,0.36161,8.5759,0.71875,9.4688],["c",0.35715,0.89286,0.34375,9.0938,0.34375,9.0938],["s",-1.0536,8.7634,-0.875,9.6562],["c",0.17857,0.89286,-0.5625,3.0312,-0.5625,3.0312],["l",-1.5938,5.7188],["l",-1.7812,5.5312],["l",-1.625,8.375],["l",-4.2812,5],["s",-6.5982,6.9643,-7.3125,7.5],["c",-0.71428,0.53572,-3.9241,5.3661,-5.5312,6.4375],["c",-1.6072,1.0714,-6.0625,16.594,-6.0625,16.594],["l",-3.9375,7.6875],["l",-3.0312,6.9688],["l",-0.90625,13.75],["l",-1.5938,13.406],["s",-1.6027,5.3304,-1.7812,6.9375],["c",-0.17857,1.6071,-1.0982,2.8705,-1.8125,4.6562],["c",-0.71428,1.7857,-0.51339,1.2455,-2.6562,4.2812],["s",-1.0938,1.0714,-2.3438,2.5],["s",-0.33929,1.2679,-0.875,2.875],["c",-0.53572,1.6071,0.16518,0.69197,0.34375,1.4062],["c",0.17857,0.71429,-1.4286,1.6072,-3.75,3.75],["c",-2.3214,2.1429,-2.683,3.3973,-3.2188,5.7188],["c",-0.53571,2.3214,0.91071,3.7411,1.625,4.8125],["c",0.71428,1.0714,4.625,2.5179,5.875,2.875],["c",1.25,0.35714,6.8125,-2.3125,6.8125,-2.3125],["s",3.0178,-2.5268,3.375,-4.3125],["c",0.35714,-1.7857,1.7902,-5.8884,1.9688,-6.7812],["c",0.17857,-0.89285,1.7812,-3.75,1.7812,-3.75],["s",1.0804,-3.3795,1.4375,-4.0938],["c",0.35714,-0.71429,1.4375,-5.1875,1.4375,-5.1875],["s",0.87054,-9.8214,1.4062,-12.5],["c",0.53571,-2.6786,1.7812,-4.8125,1.7812,-4.8125],["s",3.942,-5.7232,4.6562,-6.4375],["c",0.71429,-0.71429,1.9732,-3.5625,2.6875,-4.8125],["c",0.71429,-1.25,1.7679,-9.1116,2.125,-10.719],["c",0.35714,-1.6071,1.9688,-4.8125,1.9688,-4.8125],["l",4.2812,-2.875],["l",3.5938,-2.8438],["l",5.5312,-0.375],["s",3.5536,-1.4018,4.625,-1.9375],["c",1.0714,-0.53571,1.4464,-1.0848,2.875,-2.1562],["s",1.7812,-1.0625,1.7812,-1.0625],["s",-0.0134,2.3125,0.34375,3.5625],["c",0.35714,1.25,-0.17857,4.6295,0,5.3438],["c",0.17857,0.71428,-0.16518,0.73214,-0.34375,1.625],["s",-2.3304,3.5759,-2.6875,4.4688],["c",-0.35715,0.89285,-2.6875,4.8125,-2.6875,4.8125],["s",-2.2991,5.3482,-2.6562,7.3125],["c",-0.35714,1.9643,-1.2679,3.5804,-1.625,5.1875],["c",-0.35714,1.6072,-2.125,4.6562,-2.125,4.6562],["l",-3.0312,3.9062],["s",-1.9688,2.4955,-3.2188,4.2812],["s",-2.3304,3.5714,-3.9375,6.25],["s",-2.6786,5.0045,-3.75,6.9688],["s",-1.9554,4.2946,-2.3125,5.1875],["c",-0.35714,0.89286,-4.6562,5.9062,-4.6562,5.9062],["s",-3.0179,4.2634,-3.375,5.1562],["c",-0.35714,0.89286,-4.1161,5.3527,-5.1875,6.7812],["c",-1.0714,1.4286,-2.6696,2.3259,-3.5625,3.2188],["c",-0.89286,0.89286,-2.8795,1.808,-3.5938,2.3438],["c",-0.71429,0.53572,-3.3884,2.125,-4.2812,3.375],["c",-0.89286,1.25,-1.067,2.6875,-0.53125,3.9375],["c",0.53572,1.25,1.6071,3.2188,2.5,4.4688],["c",0.89286,1.25,4.8348,4.1116,5.9062,4.4688],["c",1.0714,0.35714,6.9375,-1.0938,6.9375,-1.0938],["s",-0.16072,-1.9464,0.375,-3.375],["c",0.53571,-1.4286,2.4866,-4.4643,2.8438,-6.25],["c",0.35714,-1.7857,4.2812,-6.625,4.2812,-6.625],["l",4.125,-7.125],["s",10.348,-10.362,11.062,-10.719],["c",0.71428,-0.35714,11.446,-13.036,11.625,-13.75],["c",0.17857,-0.71429,6.9375,-13.219,6.9375,-13.219],["s",5.3661,-7.317,6.4375,-8.0312],["c",1.0714,-0.71429,10.188,-13.562,10.188,-13.562],["l",1.4375,-1.625],["s",4.817,-3.9196,5.5312,-4.8125],["c",0.71429,-0.89286,1.7812,-2.6875,1.7812,-2.6875],["l",3.0312,-5.5312],["s",4.8304,-8.0402,5.1875,-9.4688],["c",0.35716,-1.4286,3.2188,-13.75,3.2188,-13.75],["l",1.0625,-1.25],["l",5.5312,-1.9688],["l",1.0625,-1.5938],["s",-0.15625,-3.7679,-0.15625,-5.375],["c",0,-1.6072,0.51786,-8.5491,-0.375,-10.156],["c",-0.89285,-1.6072,-1.2589,-13.232,-1.4375,-14.125],["c",-0.17856,-0.89285,-0.86606,-15.701,-0.6875,-16.594],["c",0.17858,-0.89286,-0.1875,-3.2188,-0.1875,-3.2188],["s",0.89286,-4.6295,1.25,-6.5938],["c",0.35715,-1.9643,0.54019,-3.2232,0.71875,-3.9375],["c",0.17858,-0.71429,0.35269,-4.0982,0.53125,-4.8125],["c",0.17858,-0.71428,0.53125,-3.5714,0.53125,-5],["s",-0.004,-3.2188,-0.71875,-5.7188],["c",-0.71428,-2.5,-1.433,-2.5045,-1.9688,-3.2188],["c",-0.5357,-0.71429,-2.5044,-2.3304,-3.2188,-2.6875],["c",-0.71427,-0.35714,-5.1562,-2.6875,-5.1562,-2.6875],["s",0.17411,-1.058,0.53125,-2.8438],["c",0.35715,-1.7857,0.54019,-3.0446,0.71875,-3.9375],["c",0.17858,-0.89285,2.3125,-1.9688,3.5625,-3.2188],["s",1.5938,-2.8438,1.5938,-2.8438],["s",1.25,-2.3259,1.25,-3.2188],["c",0,-0.89286,0.35716,-2.683,1.25,-4.4688],["c",0.89287,-1.7857,-0.50892,-4.2812,-0.6875,-5.5312],["c",-0.17856,-1.25,-1.7946,-3.7589,-2.6875,-5.1875],["c",-0.89285,-1.4286,-3.0312,-4.2812,-3.0312,-4.2812],["s",-3.9375,-2.1428,-5.1875,-2.5],["c",-1.25,-0.35714,-6.7812,-0.34375,-6.7812,-0.34375],["l",-6.4375,4.2812],["s",-1.9688,4.6339,-1.9688,6.0625],["s",-2.8527,6.6072,-3.0312,7.5],["c",-0.17858,0.89286,-0.70089,5,-0.34375,6.25],["c",0.35715,1.25,0.15625,3.9375,0.15625,3.9375],["l",-0.6875,6.25],["l",-1.9688,-0.53125],["l",-4.125,-3.75],["l",-13.906,-8.75],["l",-12.688,-7.1562],["l",-10,-8.75],["l",-2.6875,-4.8125],["s",-1.7679,-4.4732,-2.125,-5.1875],["c",-0.35714,-0.71428,-2.3438,1.9688,-2.3438,1.9688],["l",-3.0312,1.7812],["l",-3.7188,1.75],["l",-74.938,-58.344],["c",0.97868,-1.5332,1.5625,-3.3703,1.5625,-5.3438],["c",0,-5.3697,-4.2356,-9.75,-9.4375,-9.75],["z"]],"pathOffset":{"x":440.001775,"y":403.7935807},"transformMatrix":[1,0,0,1,-349.17,-243]}]}],"background":"","overlayImage":{"type":"image","originX":"left","originY":"top","left":0,"top":0,"width":450,"height":450,"fill":"rgb(0,0,0)","stroke":null,"strokeWidth":1,"strokeDashArray":null,"strokeLineCap":"butt","strokeLineJoin":"miter","strokeMiterLimit":10,"scaleX":1,"scaleY":1,"angle":0,"flipX":false,"flipY":false,"opacity":1,"shadow":null,"visible":true,"clipTo":null,"backgroundColor":"","fillRule":"nonzero","globalCompositeOperation":"source-over","src":"http:\/\/localhost\/bulbandkey\/Dev\/media\/pdp\/images\/overlay1473481857.png","filters":[],"crossOrigin":"","alignX":"none","alignY":"none","meetOrSlice":"meet"},"scale":1},"final_price":"1.00"},"3":{"id":"3","product_id":"6","label":"Back","color_id":"0","inlay_w":"450","inlay_h":"450","inlay_t":"0","inlay_l":"0","filename":"filename1471614544.png","position":"0","status":"1","price":"0.00","overlay":"overlay1471614544.png","color_code":"","color_name":"","background_type":"image","canvassize":"custom_size","canvaswidth":"450","canvasheight":"450","use_mask":"1","thumbnail":"resize\/resize_filename1471614544.png","background_path":"http:\/\/localhost\/bulbandkey\/Dev\/media\/pdp\/images\/filename1471614544.png","sideSvg":"<?xml version=\"1.0\" encoding=\"UTF-8\" standalone=\"no\" ?><!DOCTYPE svg PUBLIC \"-\/\/W3C\/\/DTD SVG 1.1\/\/EN\" \"http:\/\/www.w3.org\/Graphics\/SVG\/1.1\/DTD\/svg11.dtd\">\n<svg xmlns=\"http:\/\/www.w3.org\/2000\/svg\" xmlns:xlink=\"http:\/\/www.w3.org\/1999\/xlink\" version=\"1.1\" width=\"100%\" height=\"100%\" viewBox=\"0 0 450 450\" xml:space=\"preserve\"><desc>Created with Fabric.js 1.5.0<\/desc><defs><\/defs><rect x=\"-225\" y=\"-225\" rx=\"0\" ry=\"0\" width=\"450\" height=\"450\" style=\"stroke: none; stroke-width: 1; stroke-dasharray: ; stroke-linecap: butt; stroke-linejoin: miter; stroke-miterlimit: 10; fill: rgb(155, 15, 51); fill-rule: nonzero; opacity: 1;\" transform=\"translate(225 225)\"\/>\n<g transform=\"translate(225 225)\">\n<image xlink:href=\"http:\/\/localhost\/bulbandkey\/Dev\/media\/pdp\/images\/filename1471614544.png\" x=\"-225\" y=\"-225\" style=\"stroke: none; stroke-width: 1; stroke-dasharray: ; stroke-linecap: butt; stroke-linejoin: miter; stroke-miterlimit: 10; fill: rgb(0,0,0); fill-rule: nonzero; opacity: 1;\" width=\"450\" height=\"450\" preserveAspectRatio=\"xMinYMin slice\"><\/image>\n<\/g>\n\t<g transform=\"translate(222.86 155)\">\n\t\t<text font-family=\"Arial\" font-size=\"72\" font-weight=\"normal\" style=\"stroke: none; stroke-width: 1; stroke-dasharray: ; stroke-linecap: butt; stroke-linejoin: miter; stroke-miterlimit: 10; fill: #ffffff; fill-rule: nonzero; opacity: 1;\" ><tspan x=\"-40.043\" y=\"22.68\" fill=\"#ffffff\">10<\/tspan><\/text>\n\t<\/g>\n<defs><style type=\"text\/css\"><![CDATA[@font-face {font-family: montague;src: url(\"http:\/\/localhost\/bulbandkey\/Dev\/media\/pdp\/fonts\/montague.ttf\");}]]><\/style><\/defs>\t<g transform=\"translate(226.21 220.57) scale(1.33 1.33)\">\n\t\t<text font-family=\"montague\" font-size=\"36\" font-weight=\"normal\" style=\"stroke: none; stroke-width: 1; stroke-dasharray: ; stroke-linecap: butt; stroke-linejoin: miter; stroke-miterlimit: 10; fill: #ffffff; fill-rule: nonzero; opacity: 1;\" ><tspan x=\"-33.534\" y=\"11.34\" fill=\"#ffffff\">RAVI<\/tspan><\/text>\n\t<\/g>\n<g transform=\"translate(225 225)\">\n<image xlink:href=\"http:\/\/localhost\/bulbandkey\/Dev\/media\/pdp\/images\/overlay1471614544.png\" x=\"-225\" y=\"-225\" style=\"stroke: none; stroke-width: 1; stroke-dasharray: ; stroke-linecap: butt; stroke-linejoin: miter; stroke-miterlimit: 10; fill: rgb(0,0,0); fill-rule: nonzero; opacity: 1;\" width=\"450\" height=\"450\" preserveAspectRatio=\"none\"><\/image>\n<\/g>\n<\/svg>","json":{"objects":[{"type":"rect","originX":"left","originY":"top","left":0,"top":0,"width":450,"height":450,"fill":"rgb(155, 15, 51)","stroke":null,"strokeWidth":1,"strokeDashArray":null,"strokeLineCap":"butt","strokeLineJoin":"miter","strokeMiterLimit":10,"scaleX":1,"scaleY":1,"angle":0,"flipX":false,"flipY":false,"opacity":1,"shadow":null,"visible":true,"clipTo":null,"backgroundColor":"","fillRule":"nonzero","globalCompositeOperation":"source-over","object_type":"background_color","selectable":false,"evented":false,"rx":0,"ry":0},{"type":"image","originX":"left","originY":"top","left":0,"top":0,"width":450,"height":450,"fill":"rgb(0,0,0)","stroke":null,"strokeWidth":1,"strokeDashArray":null,"strokeLineCap":"butt","strokeLineJoin":"miter","strokeMiterLimit":10,"scaleX":1,"scaleY":1,"angle":0,"flipX":false,"flipY":false,"opacity":1,"shadow":null,"visible":true,"clipTo":null,"backgroundColor":"","fillRule":"nonzero","globalCompositeOperation":"source-over","isrc":"http:\/\/localhost\/bulbandkey\/Dev\/media\/pdp\/images\/filename1471614544.png","price":0,"object_type":"background","selectable":false,"evented":false,"src":"http:\/\/localhost\/bulbandkey\/Dev\/media\/pdp\/images\/filename1471614544.png","filters":[],"crossOrigin":"","alignX":"min","alignY":"min","meetOrSlice":"slice"},{"type":"text","originX":"left","originY":"top","left":182.82,"top":114.32,"width":80.09,"height":81.36,"fill":"#ffffff","stroke":null,"strokeWidth":1,"strokeDashArray":null,"strokeLineCap":"butt","strokeLineJoin":"miter","strokeMiterLimit":10,"scaleX":1,"scaleY":1,"angle":0,"flipX":false,"flipY":false,"opacity":1,"shadow":null,"visible":true,"clipTo":null,"backgroundColor":"","fillRule":"nonzero","globalCompositeOperation":"source-over","name":"item_1","price":"0","selectable":true,"evented":true,"text":"10","fontSize":72,"fontWeight":"normal","fontFamily":"Arial","fontStyle":"","lineHeight":"1","textDecoration":"","textAlign":"left","textBackgroundColor":""},{"type":"text","originX":"left","originY":"top","left":181.61,"top":193.52,"width":67.07,"height":40.68,"fill":"#ffffff","stroke":null,"strokeWidth":1,"strokeDashArray":null,"strokeLineCap":"butt","strokeLineJoin":"miter","strokeMiterLimit":10,"scaleX":1.33,"scaleY":1.33,"angle":0,"flipX":false,"flipY":false,"opacity":1,"shadow":null,"visible":true,"clipTo":null,"backgroundColor":"","fillRule":"nonzero","globalCompositeOperation":"source-over","name":"item_2","price":"0","selectable":true,"evented":true,"text":"RAVI","fontSize":"36","fontWeight":"normal","fontFamily":"montague","fontStyle":"","lineHeight":"1","textDecoration":"","textAlign":"left","textBackgroundColor":""}],"background":"","overlayImage":{"type":"image","originX":"left","originY":"top","left":0,"top":0,"width":450,"height":450,"fill":"rgb(0,0,0)","stroke":null,"strokeWidth":1,"strokeDashArray":null,"strokeLineCap":"butt","strokeLineJoin":"miter","strokeMiterLimit":10,"scaleX":1,"scaleY":1,"angle":0,"flipX":false,"flipY":false,"opacity":1,"shadow":null,"visible":true,"clipTo":null,"backgroundColor":"","fillRule":"nonzero","globalCompositeOperation":"source-over","src":"http:\/\/localhost\/bulbandkey\/Dev\/media\/pdp\/images\/overlay1471614544.png","filters":[],"crossOrigin":"","alignX":"none","alignY":"none","meetOrSlice":"meet"},"scale":1},"final_price":"0.00"}}